"location","Commune","Annee","Nombre de bénéficaires de l'accompagnement FSL"
"[ 47.5559053978 , -1.49321993821]","ABBARETZ","2010",""
"[ 47.5559053978 , -1.49321993821]","ABBARETZ","2011",""
"[ 47.5559053978 , -1.49321993821]","ABBARETZ","2012",""
"[ 47.5559053978 , -1.49321993821]","ABBARETZ","2013",""
"[ 47.5559053978 , -1.49321993821]","ABBARETZ","2014",""
"[ 47.5559053978 , -1.49321993821]","ABBARETZ","2015",""
"[ 47.071465819 , -1.41539314185]","AIGREFEUILLE-SUR-MAINE","2010","0"
"[ 47.071465819 , -1.41539314185]","AIGREFEUILLE-SUR-MAINE","2011","0"
"[ 47.071465819 , -1.41539314185]","AIGREFEUILLE-SUR-MAINE","2012","0"
"[ 47.071465819 , -1.41539314185]","AIGREFEUILLE-SUR-MAINE","2013",""
"[ 47.071465819 , -1.41539314185]","AIGREFEUILLE-SUR-MAINE","2014",""
"[ 47.071465819 , -1.41539314185]","AIGREFEUILLE-SUR-MAINE","2015",""
"[ 47.3834763632 , -1.18216539989]","ANCENIS","2010","14"
"[ 47.3834763632 , -1.18216539989]","ANCENIS","2011","18"
"[ 47.3834763632 , -1.18216539989]","ANCENIS","2012","15"
"[ 47.3834763632 , -1.18216539989]","ANCENIS","2013","15"
"[ 47.3834763632 , -1.18216539989]","ANCENIS","2014","26"
"[ 47.3834763632 , -1.18216539989]","ANCENIS","2015","23"
"[ 47.3812469147 , -1.09404489844]","ANETZ","2010","0"
"[ 47.3812469147 , -1.09404489844]","ANETZ","2011",""
"[ 47.3812469147 , -1.09404489844]","ANETZ","2012",""
"[ 47.3812469147 , -1.09404489844]","ANETZ","2013",""
"[ 47.3812469147 , -1.09404489844]","ANETZ","2014",""
"[ 47.3812469147 , -1.09404489844]","ANETZ","2015",""
"[ 47.1591412154 , -1.95348595036]","ARTHON-EN-RETZ","2010","0"
"[ 47.1591412154 , -1.95348595036]","ARTHON-EN-RETZ","2011",""
"[ 47.1591412154 , -1.95348595036]","ARTHON-EN-RETZ","2012","0"
"[ 47.1591412154 , -1.95348595036]","ARTHON-EN-RETZ","2013","0"
"[ 47.1591412154 , -1.95348595036]","ARTHON-EN-RETZ","2014",""
"[ 47.1591412154 , -1.95348595036]","ARTHON-EN-RETZ","2015",""
"[ 47.4380241677 , -2.41280037578]","ASSERAC","2010","0"
"[ 47.4380241677 , -2.41280037578]","ASSERAC","2011","0"
"[ 47.4380241677 , -2.41280037578]","ASSERAC","2012",""
"[ 47.4380241677 , -2.41280037578]","ASSERAC","2013","0"
"[ 47.4380241677 , -2.41280037578]","ASSERAC","2014","0"
"[ 47.4380241677 , -2.41280037578]","ASSERAC","2015",""
"[ 47.6350768939 , -1.97076192139]","AVESSAC","2010",""
"[ 47.6350768939 , -1.97076192139]","AVESSAC","2011",""
"[ 47.6350768939 , -1.97076192139]","AVESSAC","2012",""
"[ 47.6350768939 , -1.97076192139]","AVESSAC","2013",""
"[ 47.6350768939 , -1.97076192139]","AVESSAC","2014",""
"[ 47.6350768939 , -1.97076192139]","AVESSAC","2015",""
"[ 47.2822180475 , -1.29803924196]","BARBECHAT","2010","0"
"[ 47.2822180475 , -1.29803924196]","BARBECHAT","2011",""
"[ 47.2822180475 , -1.29803924196]","BARBECHAT","2012","0"
"[ 47.2822180475 , -1.29803924196]","BARBECHAT","2013","0"
"[ 47.2822180475 , -1.29803924196]","BARBECHAT","2014","0"
"[ 47.2822180475 , -1.29803924196]","BARBECHAT","2015",""
"[ 47.2120743299 , -1.46232009785]","BASSE-GOULAINE","2010","0"
"[ 47.2120743299 , -1.46232009785]","BASSE-GOULAINE","2011",""
"[ 47.2120743299 , -1.46232009785]","BASSE-GOULAINE","2012",""
"[ 47.2120743299 , -1.46232009785]","BASSE-GOULAINE","2013","0"
"[ 47.2120743299 , -1.46232009785]","BASSE-GOULAINE","2014",""
"[ 47.2120743299 , -1.46232009785]","BASSE-GOULAINE","2015",""
"[ 47.2845959695 , -2.47398765411]","BATZ-SUR-MER","2010",""
"[ 47.2845959695 , -2.47398765411]","BATZ-SUR-MER","2011",""
"[ 47.2845959695 , -2.47398765411]","BATZ-SUR-MER","2012",""
"[ 47.2845959695 , -2.47398765411]","BATZ-SUR-MER","2013",""
"[ 47.2845959695 , -2.47398765411]","BATZ-SUR-MER","2014",""
"[ 47.2845959695 , -2.47398765411]","BATZ-SUR-MER","2015",""
"[ 47.478616531 , -1.02646881204]","BELLIGNE","2010","0"
"[ 47.478616531 , -1.02646881204]","BELLIGNE","2011",""
"[ 47.478616531 , -1.02646881204]","BELLIGNE","2012",""
"[ 47.478616531 , -1.02646881204]","BELLIGNE","2013",""
"[ 47.478616531 , -1.02646881204]","BELLIGNE","2014","0"
"[ 47.478616531 , -1.02646881204]","BELLIGNE","2015","0"
"[ 47.3803275742 , -2.0746331445]","BESNE","2010","0"
"[ 47.3803275742 , -2.0746331445]","BESNE","2011","0"
"[ 47.3803275742 , -2.0746331445]","BESNE","2012","0"
"[ 47.3803275742 , -2.0746331445]","BESNE","2013","0"
"[ 47.3803275742 , -2.0746331445]","BESNE","2014","0"
"[ 47.3803275742 , -2.0746331445]","BESNE","2015","0"
"[ 47.4631966796 , -1.76763546259]","BLAIN","2010",""
"[ 47.4631966796 , -1.76763546259]","BLAIN","2011","8"
"[ 47.4631966796 , -1.76763546259]","BLAIN","2012","10"
"[ 47.4631966796 , -1.76763546259]","BLAIN","2013","13"
"[ 47.4631966796 , -1.76763546259]","BLAIN","2014","14"
"[ 47.4631966796 , -1.76763546259]","BLAIN","2015","12"
"[ 47.5201396948 , -1.23344255026]","BONNOEUVRE","2010","0"
"[ 47.5201396948 , -1.23344255026]","BONNOEUVRE","2011","0"
"[ 47.5201396948 , -1.23344255026]","BONNOEUVRE","2012","0"
"[ 47.5201396948 , -1.23344255026]","BONNOEUVRE","2013","0"
"[ 47.5201396948 , -1.23344255026]","BONNOEUVRE","2014",""
"[ 47.5201396948 , -1.23344255026]","BONNOEUVRE","2015",""
"[ 47.1475902945 , -1.67325732821]","BOUAYE","2010","0"
"[ 47.1475902945 , -1.67325732821]","BOUAYE","2011",""
"[ 47.1475902945 , -1.67325732821]","BOUAYE","2012","5"
"[ 47.1475902945 , -1.67325732821]","BOUAYE","2013",""
"[ 47.1475902945 , -1.67325732821]","BOUAYE","2014","7"
"[ 47.1475902945 , -1.67325732821]","BOUAYE","2015","7"
"[ 47.3049306975 , -1.91286137429]","BOUEE","2010",""
"[ 47.3049306975 , -1.91286137429]","BOUEE","2011",""
"[ 47.3049306975 , -1.91286137429]","BOUEE","2012","0"
"[ 47.3049306975 , -1.91286137429]","BOUEE","2013",""
"[ 47.3049306975 , -1.91286137429]","BOUEE","2014",""
"[ 47.3049306975 , -1.91286137429]","BOUEE","2015","0"
"[ 47.1705880649 , -1.61688359971]","BOUGUENAIS","2010","13"
"[ 47.1705880649 , -1.61688359971]","BOUGUENAIS","2011","12"
"[ 47.1705880649 , -1.61688359971]","BOUGUENAIS","2012","10"
"[ 47.1705880649 , -1.61688359971]","BOUGUENAIS","2013","17"
"[ 47.1705880649 , -1.61688359971]","BOUGUENAIS","2014","12"
"[ 47.1705880649 , -1.61688359971]","BOUGUENAIS","2015","8"
"[ 47.0379064582 , -1.92605743801]","BOURGNEUF-EN-RETZ","2010",""
"[ 47.0379064582 , -1.92605743801]","BOURGNEUF-EN-RETZ","2011","0"
"[ 47.0379064582 , -1.92605743801]","BOURGNEUF-EN-RETZ","2012","0"
"[ 47.0379064582 , -1.92605743801]","BOURGNEUF-EN-RETZ","2013",""
"[ 47.0379064582 , -1.92605743801]","BOURGNEUF-EN-RETZ","2014",""
"[ 47.0379064582 , -1.92605743801]","BOURGNEUF-EN-RETZ","2015",""
"[ 47.0532422065 , -1.16298499978]","BOUSSAY","2010",""
"[ 47.0532422065 , -1.16298499978]","BOUSSAY","2011",""
"[ 47.0532422065 , -1.16298499978]","BOUSSAY","2012","0"
"[ 47.0532422065 , -1.16298499978]","BOUSSAY","2013",""
"[ 47.0532422065 , -1.16298499978]","BOUSSAY","2014","0"
"[ 47.0532422065 , -1.16298499978]","BOUSSAY","2015",""
"[ 47.4172557431 , -1.87700041567]","BOUVRON","2010",""
"[ 47.4172557431 , -1.87700041567]","BOUVRON","2011","5"
"[ 47.4172557431 , -1.87700041567]","BOUVRON","2012",""
"[ 47.4172557431 , -1.87700041567]","BOUVRON","2013",""
"[ 47.4172557431 , -1.87700041567]","BOUVRON","2014",""
"[ 47.4172557431 , -1.87700041567]","BOUVRON","2015","8"
"[ 47.1702604213 , -1.72634806072]","BRAINS","2010","0"
"[ 47.1702604213 , -1.72634806072]","BRAINS","2011",""
"[ 47.1702604213 , -1.72634806072]","BRAINS","2012","0"
"[ 47.1702604213 , -1.72634806072]","BRAINS","2013","0"
"[ 47.1702604213 , -1.72634806072]","BRAINS","2014",""
"[ 47.1702604213 , -1.72634806072]","BRAINS","2015",""
"[ 47.4161355258 , -1.96739796155]","CAMPBON","2010","0"
"[ 47.4161355258 , -1.96739796155]","CAMPBON","2011",""
"[ 47.4161355258 , -1.96739796155]","CAMPBON","2012",""
"[ 47.4161355258 , -1.96739796155]","CAMPBON","2013",""
"[ 47.4161355258 , -1.96739796155]","CAMPBON","2014",""
"[ 47.4161355258 , -1.96739796155]","CAMPBON","2015",""
"[ 47.3017835896 , -1.4720293366]","CARQUEFOU","2010","0"
"[ 47.3017835896 , -1.4720293366]","CARQUEFOU","2011","8"
"[ 47.3017835896 , -1.4720293366]","CARQUEFOU","2012","6"
"[ 47.3017835896 , -1.4720293366]","CARQUEFOU","2013","6"
"[ 47.3017835896 , -1.4720293366]","CARQUEFOU","2014","10"
"[ 47.3017835896 , -1.4720293366]","CARQUEFOU","2015","8"
"[ 47.3921514046 , -1.55575004259]","CASSON","2010","0"
"[ 47.3921514046 , -1.55575004259]","CASSON","2011","0"
"[ 47.3921514046 , -1.55575004259]","CASSON","2012","0"
"[ 47.3921514046 , -1.55575004259]","CASSON","2013",""
"[ 47.3921514046 , -1.55575004259]","CASSON","2014",""
"[ 47.3921514046 , -1.55575004259]","CASSON","2015",""
"[ 47.1156278072 , -1.43813567661]","CHATEAU-THEBAUD","2010",""
"[ 47.1156278072 , -1.43813567661]","CHATEAU-THEBAUD","2011","0"
"[ 47.1156278072 , -1.43813567661]","CHATEAU-THEBAUD","2012",""
"[ 47.1156278072 , -1.43813567661]","CHATEAU-THEBAUD","2013","0"
"[ 47.1156278072 , -1.43813567661]","CHATEAU-THEBAUD","2014",""
"[ 47.1156278072 , -1.43813567661]","CHATEAU-THEBAUD","2015",""
"[ 47.7221266578 , -1.3868518683]","CHATEAUBRIANT","2010","12"
"[ 47.7221266578 , -1.3868518683]","CHATEAUBRIANT","2011","16"
"[ 47.7221266578 , -1.3868518683]","CHATEAUBRIANT","2012","29"
"[ 47.7221266578 , -1.3868518683]","CHATEAUBRIANT","2013","22"
"[ 47.7221266578 , -1.3868518683]","CHATEAUBRIANT","2014","19"
"[ 47.7221266578 , -1.3868518683]","CHATEAUBRIANT","2015","30"
"[ 47.1585837874 , -2.01187045411]","CHAUVE","2010","0"
"[ 47.1585837874 , -2.01187045411]","CHAUVE","2011","0"
"[ 47.1585837874 , -2.01187045411]","CHAUVE","2012",""
"[ 47.1585837874 , -2.01187045411]","CHAUVE","2013",""
"[ 47.1585837874 , -2.01187045411]","CHAUVE","2014",""
"[ 47.1585837874 , -2.01187045411]","CHAUVE","2015",""
"[ 47.1811256323 , -1.79949688833]","CHEIX-EN-RETZ","2010","0"
"[ 47.1811256323 , -1.79949688833]","CHEIX-EN-RETZ","2011",""
"[ 47.1811256323 , -1.79949688833]","CHEIX-EN-RETZ","2012","0"
"[ 47.1811256323 , -1.79949688833]","CHEIX-EN-RETZ","2013","0"
"[ 47.1811256323 , -1.79949688833]","CHEIX-EN-RETZ","2014","0"
"[ 47.1811256323 , -1.79949688833]","CHEIX-EN-RETZ","2015","0"
"[ 47.1388095381 , -1.88881839858]","CHEMERE","2010","0"
"[ 47.1388095381 , -1.88881839858]","CHEMERE","2011","0"
"[ 47.1388095381 , -1.88881839858]","CHEMERE","2012",""
"[ 47.1388095381 , -1.88881839858]","CHEMERE","2013",""
"[ 47.1388095381 , -1.88881839858]","CHEMERE","2014",""
"[ 47.1388095381 , -1.88881839858]","CHEMERE","2015",""
"[ 47.0973822656 , -1.27083872186]","CLISSON","2010",""
"[ 47.0973822656 , -1.27083872186]","CLISSON","2011",""
"[ 47.0973822656 , -1.27083872186]","CLISSON","2012","6"
"[ 47.0973822656 , -1.27083872186]","CLISSON","2013",""
"[ 47.0973822656 , -1.27083872186]","CLISSON","2014",""
"[ 47.0973822656 , -1.27083872186]","CLISSON","2015",""
"[ 47.6487874303 , -1.76256450401]","CONQUEREUIL","2010",""
"[ 47.6487874303 , -1.76256450401]","CONQUEREUIL","2011",""
"[ 47.6487874303 , -1.76256450401]","CONQUEREUIL","2012",""
"[ 47.6487874303 , -1.76256450401]","CONQUEREUIL","2013","0"
"[ 47.6487874303 , -1.76256450401]","CONQUEREUIL","2014","0"
"[ 47.6487874303 , -1.76256450401]","CONQUEREUIL","2015","0"
"[ 46.9532098009 , -1.59976643082]","CORCOUE-SUR-LOGNE","2010","0"
"[ 46.9532098009 , -1.59976643082]","CORCOUE-SUR-LOGNE","2011",""
"[ 46.9532098009 , -1.59976643082]","CORCOUE-SUR-LOGNE","2012","0"
"[ 46.9532098009 , -1.59976643082]","CORCOUE-SUR-LOGNE","2013",""
"[ 46.9532098009 , -1.59976643082]","CORCOUE-SUR-LOGNE","2014",""
"[ 46.9532098009 , -1.59976643082]","CORCOUE-SUR-LOGNE","2015","0"
"[ 47.2974351958 , -1.83497396415]","CORDEMAIS","2010","0"
"[ 47.2974351958 , -1.83497396415]","CORDEMAIS","2011","0"
"[ 47.2974351958 , -1.83497396415]","CORDEMAIS","2012","0"
"[ 47.2974351958 , -1.83497396415]","CORDEMAIS","2013","0"
"[ 47.2974351958 , -1.83497396415]","CORDEMAIS","2014","0"
"[ 47.2974351958 , -1.83497396415]","CORDEMAIS","2015","0"
"[ 47.2595030114 , -2.0935429789]","CORSEPT","2010","0"
"[ 47.2595030114 , -2.0935429789]","CORSEPT","2011",""
"[ 47.2595030114 , -2.0935429789]","CORSEPT","2012","0"
"[ 47.2595030114 , -2.0935429789]","CORSEPT","2013","0"
"[ 47.2595030114 , -2.0935429789]","CORSEPT","2014",""
"[ 47.2595030114 , -2.0935429789]","CORSEPT","2015",""
"[ 47.2307444319 , -1.72989027914]","COUERON","2010","5"
"[ 47.2307444319 , -1.72989027914]","COUERON","2011","9"
"[ 47.2307444319 , -1.72989027914]","COUERON","2012","19"
"[ 47.2307444319 , -1.72989027914]","COUERON","2013","13"
"[ 47.2307444319 , -1.72989027914]","COUERON","2014","15"
"[ 47.2307444319 , -1.72989027914]","COUERON","2015","16"
"[ 47.3884693006 , -1.29261187738]","COUFFE","2010",""
"[ 47.3884693006 , -1.29261187738]","COUFFE","2011","0"
"[ 47.3884693006 , -1.29261187738]","COUFFE","2012","0"
"[ 47.3884693006 , -1.29261187738]","COUFFE","2013","0"
"[ 47.3884693006 , -1.29261187738]","COUFFE","2014",""
"[ 47.3884693006 , -1.29261187738]","COUFFE","2015","0"
"[ 47.4044339344 , -2.15350386737]","CROSSAC","2010","0"
"[ 47.4044339344 , -2.15350386737]","CROSSAC","2011","0"
"[ 47.4044339344 , -2.15350386737]","CROSSAC","2012","0"
"[ 47.4044339344 , -2.15350386737]","CROSSAC","2013","0"
"[ 47.4044339344 , -2.15350386737]","CROSSAC","2014","0"
"[ 47.4044339344 , -2.15350386737]","CROSSAC","2015","0"
"[ 47.6576519227 , -1.67772679684]","DERVAL","2010",""
"[ 47.6576519227 , -1.67772679684]","DERVAL","2011",""
"[ 47.6576519227 , -1.67772679684]","DERVAL","2012","0"
"[ 47.6576519227 , -1.67772679684]","DERVAL","2013",""
"[ 47.6576519227 , -1.67772679684]","DERVAL","2014",""
"[ 47.6576519227 , -1.67772679684]","DERVAL","2015",""
"[ 47.3390103669 , -2.07411237435]","DONGES","2010",""
"[ 47.3390103669 , -2.07411237435]","DONGES","2011","10"
"[ 47.3390103669 , -2.07411237435]","DONGES","2012","11"
"[ 47.3390103669 , -2.07411237435]","DONGES","2013","11"
"[ 47.3390103669 , -2.07411237435]","DONGES","2014","5"
"[ 47.3390103669 , -2.07411237435]","DONGES","2015","15"
"[ 47.4680394404 , -2.05949037545]","DREFFEAC","2010",""
"[ 47.4680394404 , -2.05949037545]","DREFFEAC","2011",""
"[ 47.4680394404 , -2.05949037545]","DREFFEAC","2012","0"
"[ 47.4680394404 , -2.05949037545]","DREFFEAC","2013",""
"[ 47.4680394404 , -2.05949037545]","DREFFEAC","2014",""
"[ 47.4680394404 , -2.05949037545]","DREFFEAC","2015","0"
"[ 47.6690071568 , -1.32158802129]","ERBRAY","2010","0"
"[ 47.6690071568 , -1.32158802129]","ERBRAY","2011","0"
"[ 47.6690071568 , -1.32158802129]","ERBRAY","2012",""
"[ 47.6690071568 , -1.32158802129]","ERBRAY","2013",""
"[ 47.6690071568 , -1.32158802129]","ERBRAY","2014","0"
"[ 47.6690071568 , -1.32158802129]","ERBRAY","2015","0"
"[ 47.3907376066 , -1.79526230358]","FAY-DE-BRETAGNE","2010",""
"[ 47.3907376066 , -1.79526230358]","FAY-DE-BRETAGNE","2011","0"
"[ 47.3907376066 , -1.79526230358]","FAY-DE-BRETAGNE","2012",""
"[ 47.3907376066 , -1.79526230358]","FAY-DE-BRETAGNE","2013","7"
"[ 47.3907376066 , -1.79526230358]","FAY-DE-BRETAGNE","2014","6"
"[ 47.3907376066 , -1.79526230358]","FAY-DE-BRETAGNE","2015","5"
"[ 47.580349844 , -2.02480145399]","FEGREAC","2010",""
"[ 47.580349844 , -2.02480145399]","FEGREAC","2011",""
"[ 47.580349844 , -2.02480145399]","FEGREAC","2012","0"
"[ 47.580349844 , -2.02480145399]","FEGREAC","2013",""
"[ 47.580349844 , -2.02480145399]","FEGREAC","2014",""
"[ 47.580349844 , -2.02480145399]","FEGREAC","2015",""
"[ 47.8000107129 , -1.38788805998]","FERCE","2010",""
"[ 47.8000107129 , -1.38788805998]","FERCE","2011","0"
"[ 47.8000107129 , -1.38788805998]","FERCE","2012","0"
"[ 47.8000107129 , -1.38788805998]","FERCE","2013","0"
"[ 47.8000107129 , -1.38788805998]","FERCE","2014","0"
"[ 47.8000107129 , -1.38788805998]","FERCE","2015","0"
"[ 47.0250109608 , -1.85906099901]","FRESNAY-EN-RETZ","2010","0"
"[ 47.0250109608 , -1.85906099901]","FRESNAY-EN-RETZ","2011","0"
"[ 47.0250109608 , -1.85906099901]","FRESNAY-EN-RETZ","2012","0"
"[ 47.0250109608 , -1.85906099901]","FRESNAY-EN-RETZ","2013","0"
"[ 47.0250109608 , -1.85906099901]","FRESNAY-EN-RETZ","2014","0"
"[ 47.0250109608 , -1.85906099901]","FRESNAY-EN-RETZ","2015","0"
"[ 47.2449392647 , -1.93379504502]","FROSSAY","2010","0"
"[ 47.2449392647 , -1.93379504502]","FROSSAY","2011",""
"[ 47.2449392647 , -1.93379504502]","FROSSAY","2012","0"
"[ 47.2449392647 , -1.93379504502]","FROSSAY","2013",""
"[ 47.2449392647 , -1.93379504502]","FROSSAY","2014",""
"[ 47.2449392647 , -1.93379504502]","FROSSAY","2015",""
"[ 47.0599530562 , -1.52514430554]","GENESTON","2010",""
"[ 47.0599530562 , -1.52514430554]","GENESTON","2011",""
"[ 47.0599530562 , -1.52514430554]","GENESTON","2012","0"
"[ 47.0599530562 , -1.52514430554]","GENESTON","2013","0"
"[ 47.0599530562 , -1.52514430554]","GENESTON","2014",""
"[ 47.0599530562 , -1.52514430554]","GENESTON","2015",""
"[ 47.0810966263 , -1.21737639454]","GETIGNE","2010","0"
"[ 47.0810966263 , -1.21737639454]","GETIGNE","2011",""
"[ 47.0810966263 , -1.21737639454]","GETIGNE","2012",""
"[ 47.0810966263 , -1.21737639454]","GETIGNE","2013",""
"[ 47.0810966263 , -1.21737639454]","GETIGNE","2014",""
"[ 47.0810966263 , -1.21737639454]","GETIGNE","2015","0"
"[ 47.1043864921 , -1.31113201887]","GORGES","2010","0"
"[ 47.1043864921 , -1.31113201887]","GORGES","2011",""
"[ 47.1043864921 , -1.31113201887]","GORGES","2012",""
"[ 47.1043864921 , -1.31113201887]","GORGES","2013",""
"[ 47.1043864921 , -1.31113201887]","GORGES","2014",""
"[ 47.1043864921 , -1.31113201887]","GORGES","2015",""
"[ 47.5760202033 , -1.3116796901]","GRAND-AUVERNE","2010",""
"[ 47.5760202033 , -1.3116796901]","GRAND-AUVERNE","2011","0"
"[ 47.5760202033 , -1.3116796901]","GRAND-AUVERNE","2012",""
"[ 47.5760202033 , -1.3116796901]","GRAND-AUVERNE","2013","0"
"[ 47.5760202033 , -1.3116796901]","GRAND-AUVERNE","2014","0"
"[ 47.5760202033 , -1.3116796901]","GRAND-AUVERNE","2015","0"
"[ 47.3603848287 , -1.6177288279]","GRANDCHAMPS-DES-FONTAINES","2010",""
"[ 47.3603848287 , -1.6177288279]","GRANDCHAMPS-DES-FONTAINES","2011",""
"[ 47.3603848287 , -1.6177288279]","GRANDCHAMPS-DES-FONTAINES","2012",""
"[ 47.3603848287 , -1.6177288279]","GRANDCHAMPS-DES-FONTAINES","2013","0"
"[ 47.3603848287 , -1.6177288279]","GRANDCHAMPS-DES-FONTAINES","2014",""
"[ 47.3603848287 , -1.6177288279]","GRANDCHAMPS-DES-FONTAINES","2015",""
"[ 47.6276986062 , -1.83077824692]","GUEMENE-PENFAO","2010","9"
"[ 47.6276986062 , -1.83077824692]","GUEMENE-PENFAO","2011","9"
"[ 47.6276986062 , -1.83077824692]","GUEMENE-PENFAO","2012","7"
"[ 47.6276986062 , -1.83077824692]","GUEMENE-PENFAO","2013","8"
"[ 47.6276986062 , -1.83077824692]","GUEMENE-PENFAO","2014","6"
"[ 47.6276986062 , -1.83077824692]","GUEMENE-PENFAO","2015","7"
"[ 47.5035057171 , -1.9557014784]","GUENROUET","2010","0"
"[ 47.5035057171 , -1.9557014784]","GUENROUET","2011",""
"[ 47.5035057171 , -1.9557014784]","GUENROUET","2012",""
"[ 47.5035057171 , -1.9557014784]","GUENROUET","2013",""
"[ 47.5035057171 , -1.9557014784]","GUENROUET","2014",""
"[ 47.5035057171 , -1.9557014784]","GUENROUET","2015",""
"[ 47.3314286543 , -2.41667624503]","GUERANDE","2010",""
"[ 47.3314286543 , -2.41667624503]","GUERANDE","2011",""
"[ 47.3314286543 , -2.41667624503]","GUERANDE","2012",""
"[ 47.3314286543 , -2.41667624503]","GUERANDE","2013",""
"[ 47.3314286543 , -2.41667624503]","GUERANDE","2014",""
"[ 47.3314286543 , -2.41667624503]","GUERANDE","2015","6"
"[ 47.1964575263 , -1.41065680043]","HAUTE-GOULAINE","2010","0"
"[ 47.1964575263 , -1.41065680043]","HAUTE-GOULAINE","2011",""
"[ 47.1964575263 , -1.41065680043]","HAUTE-GOULAINE","2012",""
"[ 47.1964575263 , -1.41065680043]","HAUTE-GOULAINE","2013",""
"[ 47.1964575263 , -1.41065680043]","HAUTE-GOULAINE","2014","0"
"[ 47.1964575263 , -1.41065680043]","HAUTE-GOULAINE","2015",""
"[ 47.4470276271 , -2.31337074541]","HERBIGNAC","2010","0"
"[ 47.4470276271 , -2.31337074541]","HERBIGNAC","2011","0"
"[ 47.4470276271 , -2.31337074541]","HERBIGNAC","2012","0"
"[ 47.4470276271 , -2.31337074541]","HERBIGNAC","2013","0"
"[ 47.4470276271 , -2.31337074541]","HERBIGNAC","2014",""
"[ 47.4470276271 , -2.31337074541]","HERBIGNAC","2015",""
"[ 47.42096326 , -1.63725408959]","HERIC","2010",""
"[ 47.42096326 , -1.63725408959]","HERIC","2011",""
"[ 47.42096326 , -1.63725408959]","HERIC","2012",""
"[ 47.42096326 , -1.63725408959]","HERIC","2013","0"
"[ 47.42096326 , -1.63725408959]","HERIC","2014","0"
"[ 47.42096326 , -1.63725408959]","HERIC","2015",""
"[ 47.1984329624 , -1.67151536802]","INDRE","2010",""
"[ 47.1984329624 , -1.67151536802]","INDRE","2011",""
"[ 47.1984329624 , -1.67151536802]","INDRE","2012",""
"[ 47.1984329624 , -1.67151536802]","INDRE","2013",""
"[ 47.1984329624 , -1.67151536802]","INDRE","2014","0"
"[ 47.1984329624 , -1.67151536802]","INDRE","2015",""
"[ 47.6173018279 , -1.4561194274]","ISSE","2010","0"
"[ 47.6173018279 , -1.4561194274]","ISSE","2011","0"
"[ 47.6173018279 , -1.4561194274]","ISSE","2012",""
"[ 47.6173018279 , -1.4561194274]","ISSE","2013","0"
"[ 47.6173018279 , -1.4561194274]","ISSE","2014",""
"[ 47.6173018279 , -1.4561194274]","ISSE","2015","0"
"[ 47.6241774299 , -1.60407605356]","JANS","2010",""
"[ 47.6241774299 , -1.60407605356]","JANS","2011","0"
"[ 47.6241774299 , -1.60407605356]","JANS","2012",""
"[ 47.6241774299 , -1.60407605356]","JANS","2013","0"
"[ 47.6241774299 , -1.60407605356]","JANS","2014",""
"[ 47.6241774299 , -1.60407605356]","JANS","2015",""
"[ 47.5090343414 , -1.42927706411]","JOUE-SUR-ERDRE","2010",""
"[ 47.5090343414 , -1.42927706411]","JOUE-SUR-ERDRE","2011","0"
"[ 47.5090343414 , -1.42927706411]","JOUE-SUR-ERDRE","2012","0"
"[ 47.5090343414 , -1.42927706411]","JOUE-SUR-ERDRE","2013","0"
"[ 47.5090343414 , -1.42927706411]","JOUE-SUR-ERDRE","2014",""
"[ 47.5090343414 , -1.42927706411]","JOUE-SUR-ERDRE","2015","0"
"[ 47.6892912613 , -1.21223246089]","JUIGNE-DES-MOUTIERS","2010","0"
"[ 47.6892912613 , -1.21223246089]","JUIGNE-DES-MOUTIERS","2011","0"
"[ 47.6892912613 , -1.21223246089]","JUIGNE-DES-MOUTIERS","2012","0"
"[ 47.6892912613 , -1.21223246089]","JUIGNE-DES-MOUTIERS","2013","0"
"[ 47.6892912613 , -1.21223246089]","JUIGNE-DES-MOUTIERS","2014","0"
"[ 47.6892912613 , -1.21223246089]","JUIGNE-DES-MOUTIERS","2015",""
"[ 47.2910305672 , -2.35311857587]","LA BAULE-ESCOUBLAC","2010",""
"[ 47.2910305672 , -2.35311857587]","LA BAULE-ESCOUBLAC","2011","7"
"[ 47.2910305672 , -2.35311857587]","LA BAULE-ESCOUBLAC","2012","6"
"[ 47.2910305672 , -2.35311857587]","LA BAULE-ESCOUBLAC","2013","5"
"[ 47.2910305672 , -2.35311857587]","LA BAULE-ESCOUBLAC","2014",""
"[ 47.2910305672 , -2.35311857587]","LA BAULE-ESCOUBLAC","2015","10"
"[ 47.0856387566 , -2.03203134356]","LA BERNERIE-EN-RETZ","2010","0"
"[ 47.0856387566 , -2.03203134356]","LA BERNERIE-EN-RETZ","2011","5"
"[ 47.0856387566 , -2.03203134356]","LA BERNERIE-EN-RETZ","2012","6"
"[ 47.0856387566 , -2.03203134356]","LA BERNERIE-EN-RETZ","2013","8"
"[ 47.0856387566 , -2.03203134356]","LA BERNERIE-EN-RETZ","2014",""
"[ 47.0856387566 , -2.03203134356]","LA BERNERIE-EN-RETZ","2015",""
"[ 47.234799701 , -1.20366933533]","LA BOISSIERE-DU-DORE","2010","0"
"[ 47.234799701 , -1.20366933533]","LA BOISSIERE-DU-DORE","2011","0"
"[ 47.234799701 , -1.20366933533]","LA BOISSIERE-DU-DORE","2012","0"
"[ 47.234799701 , -1.20366933533]","LA BOISSIERE-DU-DORE","2013","0"
"[ 47.234799701 , -1.20366933533]","LA BOISSIERE-DU-DORE","2014","0"
"[ 47.234799701 , -1.20366933533]","LA BOISSIERE-DU-DORE","2015",""
"[ 47.2810876773 , -1.34912602087]","LA CHAPELLE-BASSE-MER","2010","0"
"[ 47.2810876773 , -1.34912602087]","LA CHAPELLE-BASSE-MER","2011",""
"[ 47.2810876773 , -1.34912602087]","LA CHAPELLE-BASSE-MER","2012",""
"[ 47.2810876773 , -1.34912602087]","LA CHAPELLE-BASSE-MER","2013",""
"[ 47.2810876773 , -1.34912602087]","LA CHAPELLE-BASSE-MER","2014",""
"[ 47.2810876773 , -1.34912602087]","LA CHAPELLE-BASSE-MER","2015",""
"[ 47.4368541801 , -2.24567330886]","LA CHAPELLE-DES-MARAIS","2010",""
"[ 47.4368541801 , -2.24567330886]","LA CHAPELLE-DES-MARAIS","2011",""
"[ 47.4368541801 , -2.24567330886]","LA CHAPELLE-DES-MARAIS","2012",""
"[ 47.4368541801 , -2.24567330886]","LA CHAPELLE-DES-MARAIS","2013",""
"[ 47.4368541801 , -2.24567330886]","LA CHAPELLE-DES-MARAIS","2014",""
"[ 47.4368541801 , -2.24567330886]","LA CHAPELLE-DES-MARAIS","2015",""
"[ 47.6199288042 , -1.19503274815]","LA CHAPELLE-GLAIN","2010","0"
"[ 47.6199288042 , -1.19503274815]","LA CHAPELLE-GLAIN","2011","0"
"[ 47.6199288042 , -1.19503274815]","LA CHAPELLE-GLAIN","2012","0"
"[ 47.6199288042 , -1.19503274815]","LA CHAPELLE-GLAIN","2013","0"
"[ 47.6199288042 , -1.19503274815]","LA CHAPELLE-GLAIN","2014",""
"[ 47.6199288042 , -1.19503274815]","LA CHAPELLE-GLAIN","2015","0"
"[ 47.1725068708 , -1.35030788913]","LA CHAPELLE-HEULIN","2010","0"
"[ 47.1725068708 , -1.35030788913]","LA CHAPELLE-HEULIN","2011",""
"[ 47.1725068708 , -1.35030788913]","LA CHAPELLE-HEULIN","2012","0"
"[ 47.1725068708 , -1.35030788913]","LA CHAPELLE-HEULIN","2013",""
"[ 47.1725068708 , -1.35030788913]","LA CHAPELLE-HEULIN","2014",""
"[ 47.1725068708 , -1.35030788913]","LA CHAPELLE-HEULIN","2015",""
"[ 47.3529157218 , -1.98186950734]","LA CHAPELLE-LAUNAY","2010","0"
"[ 47.3529157218 , -1.98186950734]","LA CHAPELLE-LAUNAY","2011","0"
"[ 47.3529157218 , -1.98186950734]","LA CHAPELLE-LAUNAY","2012","0"
"[ 47.3529157218 , -1.98186950734]","LA CHAPELLE-LAUNAY","2013","0"
"[ 47.3529157218 , -1.98186950734]","LA CHAPELLE-LAUNAY","2014","0"
"[ 47.3529157218 , -1.98186950734]","LA CHAPELLE-LAUNAY","2015",""
"[ 47.4457446659 , -0.980683526746]","LA CHAPELLE-SAINT-SAUVEUR","2010",""
"[ 47.4457446659 , -0.980683526746]","LA CHAPELLE-SAINT-SAUVEUR","2011",""
"[ 47.4457446659 , -0.980683526746]","LA CHAPELLE-SAINT-SAUVEUR","2012","0"
"[ 47.4457446659 , -0.980683526746]","LA CHAPELLE-SAINT-SAUVEUR","2013","0"
"[ 47.4457446659 , -0.980683526746]","LA CHAPELLE-SAINT-SAUVEUR","2014","0"
"[ 47.4457446659 , -0.980683526746]","LA CHAPELLE-SAINT-SAUVEUR","2015",""
"[ 47.3030553702 , -1.56040602909]","LA CHAPELLE-SUR-ERDRE","2010",""
"[ 47.3030553702 , -1.56040602909]","LA CHAPELLE-SUR-ERDRE","2011","20"
"[ 47.3030553702 , -1.56040602909]","LA CHAPELLE-SUR-ERDRE","2012","23"
"[ 47.3030553702 , -1.56040602909]","LA CHAPELLE-SUR-ERDRE","2013","20"
"[ 47.3030553702 , -1.56040602909]","LA CHAPELLE-SUR-ERDRE","2014","13"
"[ 47.3030553702 , -1.56040602909]","LA CHAPELLE-SUR-ERDRE","2015","17"
"[ 47.4774240865 , -1.66486669791]","LA CHEVALLERAIS","2010","0"
"[ 47.4774240865 , -1.66486669791]","LA CHEVALLERAIS","2011","0"
"[ 47.4774240865 , -1.66486669791]","LA CHEVALLERAIS","2012","0"
"[ 47.4774240865 , -1.66486669791]","LA CHEVALLERAIS","2013","0"
"[ 47.4774240865 , -1.66486669791]","LA CHEVALLERAIS","2014","0"
"[ 47.4774240865 , -1.66486669791]","LA CHEVALLERAIS","2015","0"
"[ 47.0888358873 , -1.59629644203]","LA CHEVROLIERE","2010","0"
"[ 47.0888358873 , -1.59629644203]","LA CHEVROLIERE","2011","0"
"[ 47.0888358873 , -1.59629644203]","LA CHEVROLIERE","2012",""
"[ 47.0888358873 , -1.59629644203]","LA CHEVROLIERE","2013",""
"[ 47.0888358873 , -1.59629644203]","LA CHEVROLIERE","2014",""
"[ 47.0888358873 , -1.59629644203]","LA CHEVROLIERE","2015","8"
"[ 47.518001431 , -1.68027977691]","LA GRIGONNAIS","2010",""
"[ 47.518001431 , -1.68027977691]","LA GRIGONNAIS","2011",""
"[ 47.518001431 , -1.68027977691]","LA GRIGONNAIS","2012","0"
"[ 47.518001431 , -1.68027977691]","LA GRIGONNAIS","2013","0"
"[ 47.518001431 , -1.68027977691]","LA GRIGONNAIS","2014","0"
"[ 47.518001431 , -1.68027977691]","LA GRIGONNAIS","2015",""
"[ 47.1616314837 , -1.40074728223]","LA HAIE-FOUASSIERE","2010","0"
"[ 47.1616314837 , -1.40074728223]","LA HAIE-FOUASSIERE","2011","0"
"[ 47.1616314837 , -1.40074728223]","LA HAIE-FOUASSIERE","2012","0"
"[ 47.1616314837 , -1.40074728223]","LA HAIE-FOUASSIERE","2013","0"
"[ 47.1616314837 , -1.40074728223]","LA HAIE-FOUASSIERE","2014",""
"[ 47.1616314837 , -1.40074728223]","LA HAIE-FOUASSIERE","2015","0"
"[ 46.9874416678 , -1.64139816426]","LA LIMOUZINIERE","2010","0"
"[ 46.9874416678 , -1.64139816426]","LA LIMOUZINIERE","2011","0"
"[ 46.9874416678 , -1.64139816426]","LA LIMOUZINIERE","2012",""
"[ 46.9874416678 , -1.64139816426]","LA LIMOUZINIERE","2013","0"
"[ 46.9874416678 , -1.64139816426]","LA LIMOUZINIERE","2014","0"
"[ 46.9874416678 , -1.64139816426]","LA LIMOUZINIERE","2015",""
"[ 46.9914744344 , -1.71869651064]","LA MARNE","2010","0"
"[ 46.9914744344 , -1.71869651064]","LA MARNE","2011","0"
"[ 46.9914744344 , -1.71869651064]","LA MARNE","2012","0"
"[ 46.9914744344 , -1.71869651064]","LA MARNE","2013","0"
"[ 46.9914744344 , -1.71869651064]","LA MARNE","2014","0"
"[ 46.9914744344 , -1.71869651064]","LA MARNE","2015","0"
"[ 47.5637683188 , -1.39409586556]","LA MEILLERAYE-DE-BRETAGNE","2010",""
"[ 47.5637683188 , -1.39409586556]","LA MEILLERAYE-DE-BRETAGNE","2011","0"
"[ 47.5637683188 , -1.39409586556]","LA MEILLERAYE-DE-BRETAGNE","2012","0"
"[ 47.5637683188 , -1.39409586556]","LA MEILLERAYE-DE-BRETAGNE","2013","0"
"[ 47.5637683188 , -1.39409586556]","LA MEILLERAYE-DE-BRETAGNE","2014",""
"[ 47.5637683188 , -1.39409586556]","LA MEILLERAYE-DE-BRETAGNE","2015","0"
"[ 47.1848413335 , -1.68406936038]","LA MONTAGNE","2010",""
"[ 47.1848413335 , -1.68406936038]","LA MONTAGNE","2011","10"
"[ 47.1848413335 , -1.68406936038]","LA MONTAGNE","2012","10"
"[ 47.1848413335 , -1.68406936038]","LA MONTAGNE","2013","5"
"[ 47.1848413335 , -1.68406936038]","LA MONTAGNE","2014","8"
"[ 47.1848413335 , -1.68406936038]","LA MONTAGNE","2015","9"
"[ 47.1444672101 , -2.18444710256]","LA PLAINE-SUR-MER","2010",""
"[ 47.1444672101 , -2.18444710256]","LA PLAINE-SUR-MER","2011",""
"[ 47.1444672101 , -2.18444710256]","LA PLAINE-SUR-MER","2012",""
"[ 47.1444672101 , -2.18444710256]","LA PLAINE-SUR-MER","2013",""
"[ 47.1444672101 , -2.18444710256]","LA PLAINE-SUR-MER","2014",""
"[ 47.1444672101 , -2.18444710256]","LA PLAINE-SUR-MER","2015",""
"[ 47.0201645485 , -1.44015299954]","LA PLANCHE","2010","0"
"[ 47.0201645485 , -1.44015299954]","LA PLANCHE","2011",""
"[ 47.0201645485 , -1.44015299954]","LA PLANCHE","2012",""
"[ 47.0201645485 , -1.44015299954]","LA PLANCHE","2013","6"
"[ 47.0201645485 , -1.44015299954]","LA PLANCHE","2014","6"
"[ 47.0201645485 , -1.44015299954]","LA PLANCHE","2015",""
"[ 47.1849657405 , -1.19429776816]","LA REGRIPPIERE","2010","0"
"[ 47.1849657405 , -1.19429776816]","LA REGRIPPIERE","2011","0"
"[ 47.1849657405 , -1.19429776816]","LA REGRIPPIERE","2012",""
"[ 47.1849657405 , -1.19429776816]","LA REGRIPPIERE","2013","0"
"[ 47.1849657405 , -1.19429776816]","LA REGRIPPIERE","2014",""
"[ 47.1849657405 , -1.19429776816]","LA REGRIPPIERE","2015",""
"[ 47.2268098433 , -1.23235940831]","LA REMAUDIERE","2010","0"
"[ 47.2268098433 , -1.23235940831]","LA REMAUDIERE","2011","0"
"[ 47.2268098433 , -1.23235940831]","LA REMAUDIERE","2012",""
"[ 47.2268098433 , -1.23235940831]","LA REMAUDIERE","2013",""
"[ 47.2268098433 , -1.23235940831]","LA REMAUDIERE","2014",""
"[ 47.2268098433 , -1.23235940831]","LA REMAUDIERE","2015","0"
"[ 47.437672485 , -1.14426474954]","LA ROCHE-BLANCHE","2010","0"
"[ 47.437672485 , -1.14426474954]","LA ROCHE-BLANCHE","2011","0"
"[ 47.437672485 , -1.14426474954]","LA ROCHE-BLANCHE","2012","0"
"[ 47.437672485 , -1.14426474954]","LA ROCHE-BLANCHE","2013","0"
"[ 47.437672485 , -1.14426474954]","LA ROCHE-BLANCHE","2014","0"
"[ 47.437672485 , -1.14426474954]","LA ROCHE-BLANCHE","2015","0"
"[ 47.4508151849 , -1.07828665237]","LA ROUXIERE","2010","0"
"[ 47.4508151849 , -1.07828665237]","LA ROUXIERE","2011","0"
"[ 47.4508151849 , -1.07828665237]","LA ROUXIERE","2012",""
"[ 47.4508151849 , -1.07828665237]","LA ROUXIERE","2013","0"
"[ 47.4508151849 , -1.07828665237]","LA ROUXIERE","2014","0"
"[ 47.4508151849 , -1.07828665237]","LA ROUXIERE","2015","0"
"[ 47.3513921948 , -2.48797525735]","LA TURBALLE","2010",""
"[ 47.3513921948 , -2.48797525735]","LA TURBALLE","2011",""
"[ 47.3513921948 , -2.48797525735]","LA TURBALLE","2012",""
"[ 47.3513921948 , -2.48797525735]","LA TURBALLE","2013",""
"[ 47.3513921948 , -2.48797525735]","LA TURBALLE","2014",""
"[ 47.3513921948 , -2.48797525735]","LA TURBALLE","2015",""
"[ 47.3208536262 , -1.958336448]","LAVAU-SUR-LOIRE","2010","0"
"[ 47.3208536262 , -1.958336448]","LAVAU-SUR-LOIRE","2011",""
"[ 47.3208536262 , -1.958336448]","LAVAU-SUR-LOIRE","2012",""
"[ 47.3208536262 , -1.958336448]","LAVAU-SUR-LOIRE","2013","0"
"[ 47.3208536262 , -1.958336448]","LAVAU-SUR-LOIRE","2014","0"
"[ 47.3208536262 , -1.958336448]","LAVAU-SUR-LOIRE","2015",""
"[ 47.1003890787 , -1.50952557362]","LE BIGNON","2010","0"
"[ 47.1003890787 , -1.50952557362]","LE BIGNON","2011","0"
"[ 47.1003890787 , -1.50952557362]","LE BIGNON","2012","0"
"[ 47.1003890787 , -1.50952557362]","LE BIGNON","2013",""
"[ 47.1003890787 , -1.50952557362]","LE BIGNON","2014","5"
"[ 47.1003890787 , -1.50952557362]","LE BIGNON","2015",""
"[ 47.3374661592 , -1.36004557748]","LE CELLIER","2010","0"
"[ 47.3374661592 , -1.36004557748]","LE CELLIER","2011",""
"[ 47.3374661592 , -1.36004557748]","LE CELLIER","2012",""
"[ 47.3374661592 , -1.36004557748]","LE CELLIER","2013",""
"[ 47.3374661592 , -1.36004557748]","LE CELLIER","2014",""
"[ 47.3374661592 , -1.36004557748]","LE CELLIER","2015",""
"[ 47.2923410271 , -2.52359078156]","LE CROISIC","2010",""
"[ 47.2923410271 , -2.52359078156]","LE CROISIC","2011",""
"[ 47.2923410271 , -2.52359078156]","LE CROISIC","2012",""
"[ 47.2923410271 , -2.52359078156]","LE CROISIC","2013","0"
"[ 47.2923410271 , -2.52359078156]","LE CROISIC","2014","0"
"[ 47.2923410271 , -2.52359078156]","LE CROISIC","2015",""
"[ 47.4041543028 , -0.942869820433]","LE FRESNE-SUR-LOIRE","2010",""
"[ 47.4041543028 , -0.942869820433]","LE FRESNE-SUR-LOIRE","2011",""
"[ 47.4041543028 , -0.942869820433]","LE FRESNE-SUR-LOIRE","2012","0"
"[ 47.4041543028 , -0.942869820433]","LE FRESNE-SUR-LOIRE","2013","0"
"[ 47.4041543028 , -0.942869820433]","LE FRESNE-SUR-LOIRE","2014",""
"[ 47.4041543028 , -0.942869820433]","LE FRESNE-SUR-LOIRE","2015","0"
"[ 47.5281658269 , -1.79412525063]","LE GAVRE","2010","0"
"[ 47.5281658269 , -1.79412525063]","LE GAVRE","2011","0"
"[ 47.5281658269 , -1.79412525063]","LE GAVRE","2012","0"
"[ 47.5281658269 , -1.79412525063]","LE GAVRE","2013","0"
"[ 47.5281658269 , -1.79412525063]","LE GAVRE","2014","0"
"[ 47.5281658269 , -1.79412525063]","LE GAVRE","2015","0"
"[ 47.207729353 , -1.29876804294]","LE LANDREAU","2010","0"
"[ 47.207729353 , -1.29876804294]","LE LANDREAU","2011","0"
"[ 47.207729353 , -1.29876804294]","LE LANDREAU","2012","0"
"[ 47.207729353 , -1.29876804294]","LE LANDREAU","2013","0"
"[ 47.207729353 , -1.29876804294]","LE LANDREAU","2014","0"
"[ 47.207729353 , -1.29876804294]","LE LANDREAU","2015","0"
"[ 47.23329007 , -1.33186079175]","LE LOROUX-BOTTEREAU","2010",""
"[ 47.23329007 , -1.33186079175]","LE LOROUX-BOTTEREAU","2011","5"
"[ 47.23329007 , -1.33186079175]","LE LOROUX-BOTTEREAU","2012","8"
"[ 47.23329007 , -1.33186079175]","LE LOROUX-BOTTEREAU","2013","9"
"[ 47.23329007 , -1.33186079175]","LE LOROUX-BOTTEREAU","2014",""
"[ 47.23329007 , -1.33186079175]","LE LOROUX-BOTTEREAU","2015",""
"[ 47.1443094762 , -1.34524303164]","LE PALLET","2010",""
"[ 47.1443094762 , -1.34524303164]","LE PALLET","2011",""
"[ 47.1443094762 , -1.34524303164]","LE PALLET","2012","5"
"[ 47.1443094762 , -1.34524303164]","LE PALLET","2013",""
"[ 47.1443094762 , -1.34524303164]","LE PALLET","2014",""
"[ 47.1443094762 , -1.34524303164]","LE PALLET","2015",""
"[ 47.2240968337 , -1.82694120384]","LE PELLERIN","2010",""
"[ 47.2240968337 , -1.82694120384]","LE PELLERIN","2011",""
"[ 47.2240968337 , -1.82694120384]","LE PELLERIN","2012",""
"[ 47.2240968337 , -1.82694120384]","LE PELLERIN","2013",""
"[ 47.2240968337 , -1.82694120384]","LE PELLERIN","2014",""
"[ 47.2240968337 , -1.82694120384]","LE PELLERIN","2015","6"
"[ 47.5920004819 , -1.14677088986]","LE PIN","2010","0"
"[ 47.5920004819 , -1.14677088986]","LE PIN","2011",""
"[ 47.5920004819 , -1.14677088986]","LE PIN","2012","0"
"[ 47.5920004819 , -1.14677088986]","LE PIN","2013","0"
"[ 47.5920004819 , -1.14677088986]","LE PIN","2014","0"
"[ 47.5920004819 , -1.14677088986]","LE PIN","2015","0"
"[ 47.2705373618 , -2.43221793968]","LE POULIGUEN","2010","0"
"[ 47.2705373618 , -2.43221793968]","LE POULIGUEN","2011",""
"[ 47.2705373618 , -2.43221793968]","LE POULIGUEN","2012",""
"[ 47.2705373618 , -2.43221793968]","LE POULIGUEN","2013",""
"[ 47.2705373618 , -2.43221793968]","LE POULIGUEN","2014",""
"[ 47.2705373618 , -2.43221793968]","LE POULIGUEN","2015",""
"[ 47.3278515552 , -1.79013051851]","LE TEMPLE-DE-BRETAGNE","2010","0"
"[ 47.3278515552 , -1.79013051851]","LE TEMPLE-DE-BRETAGNE","2011","0"
"[ 47.3278515552 , -1.79013051851]","LE TEMPLE-DE-BRETAGNE","2012",""
"[ 47.3278515552 , -1.79013051851]","LE TEMPLE-DE-BRETAGNE","2013","0"
"[ 47.3278515552 , -1.79013051851]","LE TEMPLE-DE-BRETAGNE","2014","0"
"[ 47.3278515552 , -1.79013051851]","LE TEMPLE-DE-BRETAGNE","2015","0"
"[ 46.9006945191 , -1.57896586889]","LEGE","2010","0"
"[ 46.9006945191 , -1.57896586889]","LEGE","2011",""
"[ 46.9006945191 , -1.57896586889]","LEGE","2012",""
"[ 46.9006945191 , -1.57896586889]","LEGE","2013",""
"[ 46.9006945191 , -1.57896586889]","LEGE","2014",""
"[ 46.9006945191 , -1.57896586889]","LEGE","2015",""
"[ 47.0610768454 , -1.98956759038]","LES MOUTIERS-EN-RETZ","2010","0"
"[ 47.0610768454 , -1.98956759038]","LES MOUTIERS-EN-RETZ","2011","0"
"[ 47.0610768454 , -1.98956759038]","LES MOUTIERS-EN-RETZ","2012",""
"[ 47.0610768454 , -1.98956759038]","LES MOUTIERS-EN-RETZ","2013","0"
"[ 47.0610768454 , -1.98956759038]","LES MOUTIERS-EN-RETZ","2014",""
"[ 47.0610768454 , -1.98956759038]","LES MOUTIERS-EN-RETZ","2015","0"
"[ 47.1416514273 , -1.52002970776]","LES SORINIERES","2010",""
"[ 47.1416514273 , -1.52002970776]","LES SORINIERES","2011","7"
"[ 47.1416514273 , -1.52002970776]","LES SORINIERES","2012","7"
"[ 47.1416514273 , -1.52002970776]","LES SORINIERES","2013","6"
"[ 47.1416514273 , -1.52002970776]","LES SORINIERES","2014","9"
"[ 47.1416514273 , -1.52002970776]","LES SORINIERES","2015","6"
"[ 47.4522233507 , -1.42806044904]","LES TOUCHES","2010","0"
"[ 47.4522233507 , -1.42806044904]","LES TOUCHES","2011",""
"[ 47.4522233507 , -1.42806044904]","LES TOUCHES","2012",""
"[ 47.4522233507 , -1.42806044904]","LES TOUCHES","2013",""
"[ 47.4522233507 , -1.42806044904]","LES TOUCHES","2014","6"
"[ 47.4522233507 , -1.42806044904]","LES TOUCHES","2015",""
"[ 47.4007675845 , -1.38103510519]","LIGNE","2010","0"
"[ 47.4007675845 , -1.38103510519]","LIGNE","2011",""
"[ 47.4007675845 , -1.38103510519]","LIGNE","2012","0"
"[ 47.4007675845 , -1.38103510519]","LIGNE","2013",""
"[ 47.4007675845 , -1.38103510519]","LIGNE","2014",""
"[ 47.4007675845 , -1.38103510519]","LIGNE","2015",""
"[ 47.6707317363 , -1.42575110498]","LOUISFERT","2010","0"
"[ 47.6707317363 , -1.42575110498]","LOUISFERT","2011","0"
"[ 47.6707317363 , -1.42575110498]","LOUISFERT","2012","0"
"[ 47.6707317363 , -1.42575110498]","LOUISFERT","2013",""
"[ 47.6707317363 , -1.42575110498]","LOUISFERT","2014","0"
"[ 47.6707317363 , -1.42575110498]","LOUISFERT","2015","0"
"[ 47.6764527095 , -1.58123350015]","LUSANGER","2010","0"
"[ 47.6764527095 , -1.58123350015]","LUSANGER","2011","0"
"[ 47.6764527095 , -1.58123350015]","LUSANGER","2012","0"
"[ 47.6764527095 , -1.58123350015]","LUSANGER","2013","0"
"[ 47.6764527095 , -1.58123350015]","LUSANGER","2014","0"
"[ 47.6764527095 , -1.58123350015]","LUSANGER","2015","0"
"[ 46.9909021716 , -1.82423445503]","MACHECOUL","2010",""
"[ 46.9909021716 , -1.82423445503]","MACHECOUL","2011","13"
"[ 46.9909021716 , -1.82423445503]","MACHECOUL","2012","11"
"[ 46.9909021716 , -1.82423445503]","MACHECOUL","2013",""
"[ 46.9909021716 , -1.82423445503]","MACHECOUL","2014","8"
"[ 46.9909021716 , -1.82423445503]","MACHECOUL","2015",""
"[ 47.1162806222 , -1.38832039522]","MAISDON-SUR-SEVRE","2010","0"
"[ 47.1162806222 , -1.38832039522]","MAISDON-SUR-SEVRE","2011","0"
"[ 47.1162806222 , -1.38832039522]","MAISDON-SUR-SEVRE","2012","0"
"[ 47.1162806222 , -1.38832039522]","MAISDON-SUR-SEVRE","2013","0"
"[ 47.1162806222 , -1.38832039522]","MAISDON-SUR-SEVRE","2014","0"
"[ 47.1162806222 , -1.38832039522]","MAISDON-SUR-SEVRE","2015",""
"[ 47.3437603609 , -1.85417441927]","MALVILLE","2010",""
"[ 47.3437603609 , -1.85417441927]","MALVILLE","2011","0"
"[ 47.3437603609 , -1.85417441927]","MALVILLE","2012",""
"[ 47.3437603609 , -1.85417441927]","MALVILLE","2013",""
"[ 47.3437603609 , -1.85417441927]","MALVILLE","2014",""
"[ 47.3437603609 , -1.85417441927]","MALVILLE","2015","0"
"[ 47.5923525289 , -1.69566115325]","MARSAC-SUR-DON","2010","0"
"[ 47.5923525289 , -1.69566115325]","MARSAC-SUR-DON","2011",""
"[ 47.5923525289 , -1.69566115325]","MARSAC-SUR-DON","2012","0"
"[ 47.5923525289 , -1.69566115325]","MARSAC-SUR-DON","2013",""
"[ 47.5923525289 , -1.69566115325]","MARSAC-SUR-DON","2014",""
"[ 47.5923525289 , -1.69566115325]","MARSAC-SUR-DON","2015","0"
"[ 47.6762651766 , -1.90508862708]","MASSERAC","2010","0"
"[ 47.6762651766 , -1.90508862708]","MASSERAC","2011","0"
"[ 47.6762651766 , -1.90508862708]","MASSERAC","2012","0"
"[ 47.6762651766 , -1.90508862708]","MASSERAC","2013","0"
"[ 47.6762651766 , -1.90508862708]","MASSERAC","2014","0"
"[ 47.6762651766 , -1.90508862708]","MASSERAC","2015","0"
"[ 47.4824527188 , -1.11854421954]","MAUMUSSON","2010","0"
"[ 47.4824527188 , -1.11854421954]","MAUMUSSON","2011","0"
"[ 47.4824527188 , -1.11854421954]","MAUMUSSON","2012","0"
"[ 47.4824527188 , -1.11854421954]","MAUMUSSON","2013",""
"[ 47.4824527188 , -1.11854421954]","MAUMUSSON","2014","0"
"[ 47.4824527188 , -1.11854421954]","MAUMUSSON","2015","0"
"[ 47.3160615628 , -1.4027432534]","MAUVES-SUR-LOIRE","2010","0"
"[ 47.3160615628 , -1.4027432534]","MAUVES-SUR-LOIRE","2011",""
"[ 47.3160615628 , -1.4027432534]","MAUVES-SUR-LOIRE","2012","0"
"[ 47.3160615628 , -1.4027432534]","MAUVES-SUR-LOIRE","2013","0"
"[ 47.3160615628 , -1.4027432534]","MAUVES-SUR-LOIRE","2014","0"
"[ 47.3160615628 , -1.4027432534]","MAUVES-SUR-LOIRE","2015","0"
"[ 47.4286327765 , -1.22575048037]","MESANGER","2010",""
"[ 47.4286327765 , -1.22575048037]","MESANGER","2011",""
"[ 47.4286327765 , -1.22575048037]","MESANGER","2012","0"
"[ 47.4286327765 , -1.22575048037]","MESANGER","2013",""
"[ 47.4286327765 , -1.22575048037]","MESANGER","2014",""
"[ 47.4286327765 , -1.22575048037]","MESANGER","2015","0"
"[ 47.3960361939 , -2.47105635027]","MESQUER","2010",""
"[ 47.3960361939 , -2.47105635027]","MESQUER","2011",""
"[ 47.3960361939 , -2.47105635027]","MESQUER","2012",""
"[ 47.3960361939 , -2.47105635027]","MESQUER","2013",""
"[ 47.3960361939 , -2.47105635027]","MESQUER","2014","0"
"[ 47.3960361939 , -2.47105635027]","MESQUER","2015","0"
"[ 47.4879830182 , -2.17796090829]","MISSILLAC","2010",""
"[ 47.4879830182 , -2.17796090829]","MISSILLAC","2011",""
"[ 47.4879830182 , -2.17796090829]","MISSILLAC","2012",""
"[ 47.4879830182 , -2.17796090829]","MISSILLAC","2013",""
"[ 47.4879830182 , -2.17796090829]","MISSILLAC","2014",""
"[ 47.4879830182 , -2.17796090829]","MISSILLAC","2015",""
"[ 47.6221923633 , -1.37436935838]","MOISDON-LA-RIVIERE","2010",""
"[ 47.6221923633 , -1.37436935838]","MOISDON-LA-RIVIERE","2011",""
"[ 47.6221923633 , -1.37436935838]","MOISDON-LA-RIVIERE","2012",""
"[ 47.6221923633 , -1.37436935838]","MOISDON-LA-RIVIERE","2013","0"
"[ 47.6221923633 , -1.37436935838]","MOISDON-LA-RIVIERE","2014",""
"[ 47.6221923633 , -1.37436935838]","MOISDON-LA-RIVIERE","2015",""
"[ 47.1203742032 , -1.34896817551]","MONNIERES","2010","0"
"[ 47.1203742032 , -1.34896817551]","MONNIERES","2011",""
"[ 47.1203742032 , -1.34896817551]","MONNIERES","2012",""
"[ 47.1203742032 , -1.34896817551]","MONNIERES","2013",""
"[ 47.1203742032 , -1.34896817551]","MONNIERES","2014",""
"[ 47.1203742032 , -1.34896817551]","MONNIERES","2015",""
"[ 47.0678823332 , -1.4700566822]","MONTBERT","2010","0"
"[ 47.0678823332 , -1.4700566822]","MONTBERT","2011","0"
"[ 47.0678823332 , -1.4700566822]","MONTBERT","2012",""
"[ 47.0678823332 , -1.4700566822]","MONTBERT","2013",""
"[ 47.0678823332 , -1.4700566822]","MONTBERT","2014",""
"[ 47.0678823332 , -1.4700566822]","MONTBERT","2015",""
"[ 47.323810896 , -2.14668569176]","MONTOIR-DE-BRETAGNE","2010",""
"[ 47.323810896 , -2.14668569176]","MONTOIR-DE-BRETAGNE","2011","8"
"[ 47.323810896 , -2.14668569176]","MONTOIR-DE-BRETAGNE","2012","11"
"[ 47.323810896 , -2.14668569176]","MONTOIR-DE-BRETAGNE","2013","8"
"[ 47.323810896 , -2.14668569176]","MONTOIR-DE-BRETAGNE","2014",""
"[ 47.323810896 , -2.14668569176]","MONTOIR-DE-BRETAGNE","2015","25"
"[ 47.4022611651 , -0.972238847342]","MONTRELAIS","2010","0"
"[ 47.4022611651 , -0.972238847342]","MONTRELAIS","2011","0"
"[ 47.4022611651 , -0.972238847342]","MONTRELAIS","2012",""
"[ 47.4022611651 , -0.972238847342]","MONTRELAIS","2013",""
"[ 47.4022611651 , -0.972238847342]","MONTRELAIS","2014","0"
"[ 47.4022611651 , -0.972238847342]","MONTRELAIS","2015","0"
"[ 47.7048611258 , -1.66456541426]","MOUAIS","2010","0"
"[ 47.7048611258 , -1.66456541426]","MOUAIS","2011","0"
"[ 47.7048611258 , -1.66456541426]","MOUAIS","2012","0"
"[ 47.7048611258 , -1.66456541426]","MOUAIS","2013","0"
"[ 47.7048611258 , -1.66456541426]","MOUAIS","2014","0"
"[ 47.7048611258 , -1.66456541426]","MOUAIS","2015","0"
"[ 47.4378575967 , -1.3306293732]","MOUZEIL","2010",""
"[ 47.4378575967 , -1.3306293732]","MOUZEIL","2011",""
"[ 47.4378575967 , -1.3306293732]","MOUZEIL","2012","0"
"[ 47.4378575967 , -1.3306293732]","MOUZEIL","2013","0"
"[ 47.4378575967 , -1.3306293732]","MOUZEIL","2014","0"
"[ 47.4378575967 , -1.3306293732]","MOUZEIL","2015",""
"[ 47.1291024411 , -1.27347121141]","MOUZILLON","2010","0"
"[ 47.1291024411 , -1.27347121141]","MOUZILLON","2011",""
"[ 47.1291024411 , -1.27347121141]","MOUZILLON","2012",""
"[ 47.1291024411 , -1.27347121141]","MOUZILLON","2013",""
"[ 47.1291024411 , -1.27347121141]","MOUZILLON","2014",""
"[ 47.1291024411 , -1.27347121141]","MOUZILLON","2015",""
"[ 47.2319297924 , -1.54822213448]","NANTES","2010","145"
"[ 47.2319297924 , -1.54822213448]","NANTES","2011","251"
"[ 47.2319297924 , -1.54822213448]","NANTES","2012","297"
"[ 47.2319297924 , -1.54822213448]","NANTES","2013","314"
"[ 47.2319297924 , -1.54822213448]","NANTES","2014","301"
"[ 47.2319297924 , -1.54822213448]","NANTES","2015","296"
"[ 47.4472972756 , -1.51853480812]","NORT-SUR-ERDRE","2010",""
"[ 47.4472972756 , -1.51853480812]","NORT-SUR-ERDRE","2011",""
"[ 47.4472972756 , -1.51853480812]","NORT-SUR-ERDRE","2012","6"
"[ 47.4472972756 , -1.51853480812]","NORT-SUR-ERDRE","2013","7"
"[ 47.4472972756 , -1.51853480812]","NORT-SUR-ERDRE","2014","8"
"[ 47.4472972756 , -1.51853480812]","NORT-SUR-ERDRE","2015","6"
"[ 47.3755652381 , -1.7158308155]","NOTRE-DAME-DES-LANDES","2010","0"
"[ 47.3755652381 , -1.7158308155]","NOTRE-DAME-DES-LANDES","2011","0"
"[ 47.3755652381 , -1.7158308155]","NOTRE-DAME-DES-LANDES","2012",""
"[ 47.3755652381 , -1.7158308155]","NOTRE-DAME-DES-LANDES","2013",""
"[ 47.3755652381 , -1.7158308155]","NOTRE-DAME-DES-LANDES","2014",""
"[ 47.3755652381 , -1.7158308155]","NOTRE-DAME-DES-LANDES","2015",""
"[ 47.7714338985 , -1.34263046672]","NOYAL-SUR-BRUTZ","2010","0"
"[ 47.7714338985 , -1.34263046672]","NOYAL-SUR-BRUTZ","2011","0"
"[ 47.7714338985 , -1.34263046672]","NOYAL-SUR-BRUTZ","2012","0"
"[ 47.7714338985 , -1.34263046672]","NOYAL-SUR-BRUTZ","2013","0"
"[ 47.7714338985 , -1.34263046672]","NOYAL-SUR-BRUTZ","2014","0"
"[ 47.7714338985 , -1.34263046672]","NOYAL-SUR-BRUTZ","2015",""
"[ 47.572972466 , -1.60066344235]","NOZAY","2010",""
"[ 47.572972466 , -1.60066344235]","NOZAY","2011","9"
"[ 47.572972466 , -1.60066344235]","NOZAY","2012","7"
"[ 47.572972466 , -1.60066344235]","NOZAY","2013","7"
"[ 47.572972466 , -1.60066344235]","NOZAY","2014","12"
"[ 47.572972466 , -1.60066344235]","NOZAY","2015","9"
"[ 47.2743627349 , -1.6230980962]","ORVAULT","2010","10"
"[ 47.2743627349 , -1.6230980962]","ORVAULT","2011","12"
"[ 47.2743627349 , -1.6230980962]","ORVAULT","2012","14"
"[ 47.2743627349 , -1.6230980962]","ORVAULT","2013","14"
"[ 47.2743627349 , -1.6230980962]","ORVAULT","2014","16"
"[ 47.2743627349 , -1.6230980962]","ORVAULT","2015","13"
"[ 47.3555067103 , -1.27204452035]","OUDON","2010","0"
"[ 47.3555067103 , -1.27204452035]","OUDON","2011",""
"[ 47.3555067103 , -1.27204452035]","OUDON","2012","0"
"[ 47.3555067103 , -1.27204452035]","OUDON","2013",""
"[ 47.3555067103 , -1.27204452035]","OUDON","2014",""
"[ 47.3555067103 , -1.27204452035]","OUDON","2015",""
"[ 47.285933492 , -2.02766370866]","PAIMBOEUF","2010","7"
"[ 47.285933492 , -2.02766370866]","PAIMBOEUF","2011","12"
"[ 47.285933492 , -2.02766370866]","PAIMBOEUF","2012","13"
"[ 47.285933492 , -2.02766370866]","PAIMBOEUF","2013","13"
"[ 47.285933492 , -2.02766370866]","PAIMBOEUF","2014","7"
"[ 47.285933492 , -2.02766370866]","PAIMBOEUF","2015",""
"[ 47.4878984366 , -1.21558648453]","PANNECE","2010","0"
"[ 47.4878984366 , -1.21558648453]","PANNECE","2011",""
"[ 47.4878984366 , -1.21558648453]","PANNECE","2012",""
"[ 47.4878984366 , -1.21558648453]","PANNECE","2013",""
"[ 47.4878984366 , -1.21558648453]","PANNECE","2014","0"
"[ 47.4878984366 , -1.21558648453]","PANNECE","2015","0"
"[ 46.9575414855 , -1.77822076689]","PAULX","2010","0"
"[ 46.9575414855 , -1.77822076689]","PAULX","2011",""
"[ 46.9575414855 , -1.77822076689]","PAULX","2012",""
"[ 46.9575414855 , -1.77822076689]","PAULX","2013",""
"[ 46.9575414855 , -1.77822076689]","PAULX","2014",""
"[ 46.9575414855 , -1.77822076689]","PAULX","2015",""
"[ 47.6109996991 , -1.27783548967]","PETIT-AUVERNE","2010",""
"[ 47.6109996991 , -1.27783548967]","PETIT-AUVERNE","2011",""
"[ 47.6109996991 , -1.27783548967]","PETIT-AUVERNE","2012",""
"[ 47.6109996991 , -1.27783548967]","PETIT-AUVERNE","2013",""
"[ 47.6109996991 , -1.27783548967]","PETIT-AUVERNE","2014",""
"[ 47.6109996991 , -1.27783548967]","PETIT-AUVERNE","2015",""
"[ 47.4051037425 , -1.45672298355]","PETIT-MARS","2010",""
"[ 47.4051037425 , -1.45672298355]","PETIT-MARS","2011",""
"[ 47.4051037425 , -1.45672298355]","PETIT-MARS","2012",""
"[ 47.4051037425 , -1.45672298355]","PETIT-MARS","2013",""
"[ 47.4051037425 , -1.45672298355]","PETIT-MARS","2014","0"
"[ 47.4051037425 , -1.45672298355]","PETIT-MARS","2015",""
"[ 47.6891954405 , -1.77482137717]","PIERRIC","2010","0"
"[ 47.6891954405 , -1.77482137717]","PIERRIC","2011","0"
"[ 47.6891954405 , -1.77482137717]","PIERRIC","2012","0"
"[ 47.6891954405 , -1.77482137717]","PIERRIC","2013","0"
"[ 47.6891954405 , -1.77482137717]","PIERRIC","2014","0"
"[ 47.6891954405 , -1.77482137717]","PIERRIC","2015","0"
"[ 47.3776963732 , -2.51857863383]","PIRIAC-SUR-MER","2010","0"
"[ 47.3776963732 , -2.51857863383]","PIRIAC-SUR-MER","2011","0"
"[ 47.3776963732 , -2.51857863383]","PIRIAC-SUR-MER","2012","0"
"[ 47.3776963732 , -2.51857863383]","PIRIAC-SUR-MER","2013","0"
"[ 47.3776963732 , -2.51857863383]","PIRIAC-SUR-MER","2014","0"
"[ 47.3776963732 , -2.51857863383]","PIRIAC-SUR-MER","2015",""
"[ 47.5556189286 , -1.890451622]","PLESSE","2010","7"
"[ 47.5556189286 , -1.890451622]","PLESSE","2011","6"
"[ 47.5556189286 , -1.890451622]","PLESSE","2012","5"
"[ 47.5556189286 , -1.890451622]","PLESSE","2013","8"
"[ 47.5556189286 , -1.890451622]","PLESSE","2014",""
"[ 47.5556189286 , -1.890451622]","PLESSE","2015","5"
"[ 47.1266100164 , -1.56597021666]","PONT-SAINT-MARTIN","2010",""
"[ 47.1266100164 , -1.56597021666]","PONT-SAINT-MARTIN","2011","0"
"[ 47.1266100164 , -1.56597021666]","PONT-SAINT-MARTIN","2012","0"
"[ 47.1266100164 , -1.56597021666]","PONT-SAINT-MARTIN","2013",""
"[ 47.1266100164 , -1.56597021666]","PONT-SAINT-MARTIN","2014",""
"[ 47.1266100164 , -1.56597021666]","PONT-SAINT-MARTIN","2015","6"
"[ 47.4336272103 , -2.09524092177]","PONTCHATEAU","2010",""
"[ 47.4336272103 , -2.09524092177]","PONTCHATEAU","2011",""
"[ 47.4336272103 , -2.09524092177]","PONTCHATEAU","2012",""
"[ 47.4336272103 , -2.09524092177]","PONTCHATEAU","2013",""
"[ 47.4336272103 , -2.09524092177]","PONTCHATEAU","2014","0"
"[ 47.4336272103 , -2.09524092177]","PONTCHATEAU","2015",""
"[ 47.1222484438 , -2.05214694072]","PORNIC","2010","6"
"[ 47.1222484438 , -2.05214694072]","PORNIC","2011","5"
"[ 47.1222484438 , -2.05214694072]","PORNIC","2012","10"
"[ 47.1222484438 , -2.05214694072]","PORNIC","2013","10"
"[ 47.1222484438 , -2.05214694072]","PORNIC","2014","11"
"[ 47.1222484438 , -2.05214694072]","PORNIC","2015","10"
"[ 47.2615910199 , -2.31410657175]","PORNICHET","2010","0"
"[ 47.2615910199 , -2.31410657175]","PORNICHET","2011",""
"[ 47.2615910199 , -2.31410657175]","PORNICHET","2012",""
"[ 47.2615910199 , -2.31410657175]","PORNICHET","2013",""
"[ 47.2615910199 , -2.31410657175]","PORNICHET","2014","0"
"[ 47.2615910199 , -2.31410657175]","PORNICHET","2015","7"
"[ 47.1409634149 , -1.76792981377]","PORT-SAINT-PERE","2010",""
"[ 47.1409634149 , -1.76792981377]","PORT-SAINT-PERE","2011",""
"[ 47.1409634149 , -1.76792981377]","PORT-SAINT-PERE","2012",""
"[ 47.1409634149 , -1.76792981377]","PORT-SAINT-PERE","2013",""
"[ 47.1409634149 , -1.76792981377]","PORT-SAINT-PERE","2014",""
"[ 47.1409634149 , -1.76792981377]","PORT-SAINT-PERE","2015",""
"[ 47.4673635554 , -1.17438053766]","POUILLE-LES-COTEAUX","2010","0"
"[ 47.4673635554 , -1.17438053766]","POUILLE-LES-COTEAUX","2011","0"
"[ 47.4673635554 , -1.17438053766]","POUILLE-LES-COTEAUX","2012","0"
"[ 47.4673635554 , -1.17438053766]","POUILLE-LES-COTEAUX","2013","0"
"[ 47.4673635554 , -1.17438053766]","POUILLE-LES-COTEAUX","2014","0"
"[ 47.4673635554 , -1.17438053766]","POUILLE-LES-COTEAUX","2015",""
"[ 47.1310519254 , -2.21225281675]","PREFAILLES","2010","0"
"[ 47.1310519254 , -2.21225281675]","PREFAILLES","2011","0"
"[ 47.1310519254 , -2.21225281675]","PREFAILLES","2012","0"
"[ 47.1310519254 , -2.21225281675]","PREFAILLES","2013","0"
"[ 47.1310519254 , -2.21225281675]","PREFAILLES","2014",""
"[ 47.1310519254 , -2.21225281675]","PREFAILLES","2015",""
"[ 47.3742188953 , -2.01852812965]","PRINQUIAU","2010",""
"[ 47.3742188953 , -2.01852812965]","PRINQUIAU","2011",""
"[ 47.3742188953 , -2.01852812965]","PRINQUIAU","2012",""
"[ 47.3742188953 , -2.01852812965]","PRINQUIAU","2013",""
"[ 47.3742188953 , -2.01852812965]","PRINQUIAU","2014",""
"[ 47.3742188953 , -2.01852812965]","PRINQUIAU","2015",""
"[ 47.5186854449 , -1.62014327097]","PUCEUL","2010","0"
"[ 47.5186854449 , -1.62014327097]","PUCEUL","2011",""
"[ 47.5186854449 , -1.62014327097]","PUCEUL","2012",""
"[ 47.5186854449 , -1.62014327097]","PUCEUL","2013",""
"[ 47.5186854449 , -1.62014327097]","PUCEUL","2014",""
"[ 47.5186854449 , -1.62014327097]","PUCEUL","2015",""
"[ 47.4616615722 , -1.94014558625]","QUILLY","2010",""
"[ 47.4616615722 , -1.94014558625]","QUILLY","2011","0"
"[ 47.4616615722 , -1.94014558625]","QUILLY","2012",""
"[ 47.4616615722 , -1.94014558625]","QUILLY","2013","0"
"[ 47.4616615722 , -1.94014558625]","QUILLY","2014","0"
"[ 47.4616615722 , -1.94014558625]","QUILLY","2015","0"
"[ 47.0380344756 , -1.38731749593]","REMOUILLE","2010","0"
"[ 47.0380344756 , -1.38731749593]","REMOUILLE","2011","0"
"[ 47.0380344756 , -1.38731749593]","REMOUILLE","2012",""
"[ 47.0380344756 , -1.38731749593]","REMOUILLE","2013",""
"[ 47.0380344756 , -1.38731749593]","REMOUILLE","2014","0"
"[ 47.0380344756 , -1.38731749593]","REMOUILLE","2015","0"
"[ 47.1766317629 , -1.55027210423]","REZE","2010","18"
"[ 47.1766317629 , -1.55027210423]","REZE","2011","50"
"[ 47.1766317629 , -1.55027210423]","REZE","2012","71"
"[ 47.1766317629 , -1.55027210423]","REZE","2013","79"
"[ 47.1766317629 , -1.55027210423]","REZE","2014","60"
"[ 47.1766317629 , -1.55027210423]","REZE","2015","54"
"[ 47.5212039831 , -1.31268084137]","RIAILLE","2010",""
"[ 47.5212039831 , -1.31268084137]","RIAILLE","2011",""
"[ 47.5212039831 , -1.31268084137]","RIAILLE","2012",""
"[ 47.5212039831 , -1.31268084137]","RIAILLE","2013",""
"[ 47.5212039831 , -1.31268084137]","RIAILLE","2014",""
"[ 47.5212039831 , -1.31268084137]","RIAILLE","2015",""
"[ 47.1763643419 , -1.8437920272]","ROUANS","2010","0"
"[ 47.1763643419 , -1.8437920272]","ROUANS","2011","0"
"[ 47.1763643419 , -1.8437920272]","ROUANS","2012","0"
"[ 47.1763643419 , -1.8437920272]","ROUANS","2013","0"
"[ 47.1763643419 , -1.8437920272]","ROUANS","2014","0"
"[ 47.1763643419 , -1.8437920272]","ROUANS","2015","0"
"[ 47.7701685972 , -1.43435306545]","ROUGE","2010","0"
"[ 47.7701685972 , -1.43435306545]","ROUGE","2011","0"
"[ 47.7701685972 , -1.43435306545]","ROUGE","2012","0"
"[ 47.7701685972 , -1.43435306545]","ROUGE","2013",""
"[ 47.7701685972 , -1.43435306545]","ROUGE","2014",""
"[ 47.7701685972 , -1.43435306545]","ROUGE","2015","0"
"[ 47.7644348721 , -1.5204638701]","RUFFIGNE","2010","0"
"[ 47.7644348721 , -1.5204638701]","RUFFIGNE","2011","0"
"[ 47.7644348721 , -1.5204638701]","RUFFIGNE","2012","0"
"[ 47.7644348721 , -1.5204638701]","RUFFIGNE","2013","0"
"[ 47.7644348721 , -1.5204638701]","RUFFIGNE","2014","0"
"[ 47.7644348721 , -1.5204638701]","RUFFIGNE","2015","0"
"[ 47.4913276925 , -1.57918997679]","SAFFRE","2010",""
"[ 47.4913276925 , -1.57918997679]","SAFFRE","2011","0"
"[ 47.4913276925 , -1.57918997679]","SAFFRE","2012","0"
"[ 47.4913276925 , -1.57918997679]","SAFFRE","2013",""
"[ 47.4913276925 , -1.57918997679]","SAFFRE","2014",""
"[ 47.4913276925 , -1.57918997679]","SAFFRE","2015","0"
"[ 47.1328507639 , -1.62349321603]","SAINT-AIGNAN-GRANDLIEU","2010",""
"[ 47.1328507639 , -1.62349321603]","SAINT-AIGNAN-GRANDLIEU","2011",""
"[ 47.1328507639 , -1.62349321603]","SAINT-AIGNAN-GRANDLIEU","2012",""
"[ 47.1328507639 , -1.62349321603]","SAINT-AIGNAN-GRANDLIEU","2013",""
"[ 47.1328507639 , -1.62349321603]","SAINT-AIGNAN-GRANDLIEU","2014",""
"[ 47.1328507639 , -1.62349321603]","SAINT-AIGNAN-GRANDLIEU","2015","0"
"[ 47.3235567705 , -2.31222903526]","SAINT-ANDRE-DES-EAUX","2010","0"
"[ 47.3235567705 , -2.31222903526]","SAINT-ANDRE-DES-EAUX","2011","0"
"[ 47.3235567705 , -2.31222903526]","SAINT-ANDRE-DES-EAUX","2012","0"
"[ 47.3235567705 , -2.31222903526]","SAINT-ANDRE-DES-EAUX","2013","0"
"[ 47.3235567705 , -2.31222903526]","SAINT-ANDRE-DES-EAUX","2014","0"
"[ 47.3235567705 , -2.31222903526]","SAINT-ANDRE-DES-EAUX","2015","0"
"[ 47.705452992 , -1.47868383054]","SAINT-AUBIN-DES-CHATEAUX","2010","0"
"[ 47.705452992 , -1.47868383054]","SAINT-AUBIN-DES-CHATEAUX","2011","0"
"[ 47.705452992 , -1.47868383054]","SAINT-AUBIN-DES-CHATEAUX","2012","0"
"[ 47.705452992 , -1.47868383054]","SAINT-AUBIN-DES-CHATEAUX","2013",""
"[ 47.705452992 , -1.47868383054]","SAINT-AUBIN-DES-CHATEAUX","2014","0"
"[ 47.705452992 , -1.47868383054]","SAINT-AUBIN-DES-CHATEAUX","2015",""
"[ 47.2378415143 , -2.1514821724]","SAINT-BREVIN-LES-PINS","2010","8"
"[ 47.2378415143 , -2.1514821724]","SAINT-BREVIN-LES-PINS","2011","16"
"[ 47.2378415143 , -2.1514821724]","SAINT-BREVIN-LES-PINS","2012","20"
"[ 47.2378415143 , -2.1514821724]","SAINT-BREVIN-LES-PINS","2013","17"
"[ 47.2378415143 , -2.1514821724]","SAINT-BREVIN-LES-PINS","2014","11"
"[ 47.2378415143 , -2.1514821724]","SAINT-BREVIN-LES-PINS","2015","6"
"[ 47.0251546914 , -1.55858496888]","SAINT-COLOMBAN","2010","0"
"[ 47.0251546914 , -1.55858496888]","SAINT-COLOMBAN","2011","0"
"[ 47.0251546914 , -1.55858496888]","SAINT-COLOMBAN","2012",""
"[ 47.0251546914 , -1.55858496888]","SAINT-COLOMBAN","2013",""
"[ 47.0251546914 , -1.55858496888]","SAINT-COLOMBAN","2014","0"
"[ 47.0251546914 , -1.55858496888]","SAINT-COLOMBAN","2015","0"
"[ 46.9455217055 , -1.71819615184]","SAINT-ETIENNE-DE-MER-MORTE","2010",""
"[ 46.9455217055 , -1.71819615184]","SAINT-ETIENNE-DE-MER-MORTE","2011",""
"[ 46.9455217055 , -1.71819615184]","SAINT-ETIENNE-DE-MER-MORTE","2012",""
"[ 46.9455217055 , -1.71819615184]","SAINT-ETIENNE-DE-MER-MORTE","2013",""
"[ 46.9455217055 , -1.71819615184]","SAINT-ETIENNE-DE-MER-MORTE","2014","0"
"[ 46.9455217055 , -1.71819615184]","SAINT-ETIENNE-DE-MER-MORTE","2015","0"
"[ 47.2649329851 , -1.78419390624]","SAINT-ETIENNE-DE-MONTLUC","2010",""
"[ 47.2649329851 , -1.78419390624]","SAINT-ETIENNE-DE-MONTLUC","2011",""
"[ 47.2649329851 , -1.78419390624]","SAINT-ETIENNE-DE-MONTLUC","2012",""
"[ 47.2649329851 , -1.78419390624]","SAINT-ETIENNE-DE-MONTLUC","2013","0"
"[ 47.2649329851 , -1.78419390624]","SAINT-ETIENNE-DE-MONTLUC","2014",""
"[ 47.2649329851 , -1.78419390624]","SAINT-ETIENNE-DE-MONTLUC","2015",""
"[ 47.1433960397 , -1.41587162048]","SAINT-FIACRE-SUR-MAINE","2010","0"
"[ 47.1433960397 , -1.41587162048]","SAINT-FIACRE-SUR-MAINE","2011","0"
"[ 47.1433960397 , -1.41587162048]","SAINT-FIACRE-SUR-MAINE","2012","0"
"[ 47.1433960397 , -1.41587162048]","SAINT-FIACRE-SUR-MAINE","2013","0"
"[ 47.1433960397 , -1.41587162048]","SAINT-FIACRE-SUR-MAINE","2014","0"
"[ 47.1433960397 , -1.41587162048]","SAINT-FIACRE-SUR-MAINE","2015","0"
"[ 47.3705869081 , -1.20940512646]","SAINT-GEREON","2010",""
"[ 47.3705869081 , -1.20940512646]","SAINT-GEREON","2011",""
"[ 47.3705869081 , -1.20940512646]","SAINT-GEREON","2012",""
"[ 47.3705869081 , -1.20940512646]","SAINT-GEREON","2013",""
"[ 47.3705869081 , -1.20940512646]","SAINT-GEREON","2014",""
"[ 47.3705869081 , -1.20940512646]","SAINT-GEREON","2015",""
"[ 47.5087900711 , -2.05933094102]","SAINT-GILDAS-DES-BOIS","2010",""
"[ 47.5087900711 , -2.05933094102]","SAINT-GILDAS-DES-BOIS","2011",""
"[ 47.5087900711 , -2.05933094102]","SAINT-GILDAS-DES-BOIS","2012","6"
"[ 47.5087900711 , -2.05933094102]","SAINT-GILDAS-DES-BOIS","2013","0"
"[ 47.5087900711 , -2.05933094102]","SAINT-GILDAS-DES-BOIS","2014",""
"[ 47.5087900711 , -2.05933094102]","SAINT-GILDAS-DES-BOIS","2015",""
"[ 47.2247807833 , -1.63407759067]","SAINT-HERBLAIN","2010","34"
"[ 47.2247807833 , -1.63407759067]","SAINT-HERBLAIN","2011","37"
"[ 47.2247807833 , -1.63407759067]","SAINT-HERBLAIN","2012","39"
"[ 47.2247807833 , -1.63407759067]","SAINT-HERBLAIN","2013","41"
"[ 47.2247807833 , -1.63407759067]","SAINT-HERBLAIN","2014","42"
"[ 47.2247807833 , -1.63407759067]","SAINT-HERBLAIN","2015","39"
"[ 47.4061862869 , -1.11584233587]","SAINT-HERBLON","2010","0"
"[ 47.4061862869 , -1.11584233587]","SAINT-HERBLON","2011","0"
"[ 47.4061862869 , -1.11584233587]","SAINT-HERBLON","2012","0"
"[ 47.4061862869 , -1.11584233587]","SAINT-HERBLON","2013",""
"[ 47.4061862869 , -1.11584233587]","SAINT-HERBLON","2014","0"
"[ 47.4061862869 , -1.11584233587]","SAINT-HERBLON","2015",""
"[ 47.0957506509 , -1.88019992863]","SAINT-HILAIRE-DE-CHALEONS","2010",""
"[ 47.0957506509 , -1.88019992863]","SAINT-HILAIRE-DE-CHALEONS","2011",""
"[ 47.0957506509 , -1.88019992863]","SAINT-HILAIRE-DE-CHALEONS","2012",""
"[ 47.0957506509 , -1.88019992863]","SAINT-HILAIRE-DE-CHALEONS","2013",""
"[ 47.0957506509 , -1.88019992863]","SAINT-HILAIRE-DE-CHALEONS","2014",""
"[ 47.0957506509 , -1.88019992863]","SAINT-HILAIRE-DE-CHALEONS","2015",""
"[ 47.0595181231 , -1.31712676437]","SAINT-HILAIRE-DE-CLISSON","2010","0"
"[ 47.0595181231 , -1.31712676437]","SAINT-HILAIRE-DE-CLISSON","2011","0"
"[ 47.0595181231 , -1.31712676437]","SAINT-HILAIRE-DE-CLISSON","2012",""
"[ 47.0595181231 , -1.31712676437]","SAINT-HILAIRE-DE-CLISSON","2013",""
"[ 47.0595181231 , -1.31712676437]","SAINT-HILAIRE-DE-CLISSON","2014",""
"[ 47.0595181231 , -1.31712676437]","SAINT-HILAIRE-DE-CLISSON","2015",""
"[ 47.1936509376 , -1.71922567324]","SAINT-JEAN-DE-BOISEAU","2010",""
"[ 47.1936509376 , -1.71922567324]","SAINT-JEAN-DE-BOISEAU","2011",""
"[ 47.1936509376 , -1.71922567324]","SAINT-JEAN-DE-BOISEAU","2012",""
"[ 47.1936509376 , -1.71922567324]","SAINT-JEAN-DE-BOISEAU","2013",""
"[ 47.1936509376 , -1.71922567324]","SAINT-JEAN-DE-BOISEAU","2014",""
"[ 47.1936509376 , -1.71922567324]","SAINT-JEAN-DE-BOISEAU","2015","5"
"[ 47.3719957395 , -2.24280787795]","SAINT-JOACHIM","2010","0"
"[ 47.3719957395 , -2.24280787795]","SAINT-JOACHIM","2011",""
"[ 47.3719957395 , -2.24280787795]","SAINT-JOACHIM","2012",""
"[ 47.3719957395 , -2.24280787795]","SAINT-JOACHIM","2013",""
"[ 47.3719957395 , -2.24280787795]","SAINT-JOACHIM","2014","0"
"[ 47.3719957395 , -2.24280787795]","SAINT-JOACHIM","2015","0"
"[ 47.2468585611 , -1.40587543068]","SAINT-JULIEN-DE-CONCELLES","2010",""
"[ 47.2468585611 , -1.40587543068]","SAINT-JULIEN-DE-CONCELLES","2011",""
"[ 47.2468585611 , -1.40587543068]","SAINT-JULIEN-DE-CONCELLES","2012",""
"[ 47.2468585611 , -1.40587543068]","SAINT-JULIEN-DE-CONCELLES","2013",""
"[ 47.2468585611 , -1.40587543068]","SAINT-JULIEN-DE-CONCELLES","2014",""
"[ 47.2468585611 , -1.40587543068]","SAINT-JULIEN-DE-CONCELLES","2015","5"
"[ 47.6529965838 , -1.2295120353]","SAINT-JULIEN-DE-VOUVANTES","2010","0"
"[ 47.6529965838 , -1.2295120353]","SAINT-JULIEN-DE-VOUVANTES","2011",""
"[ 47.6529965838 , -1.2295120353]","SAINT-JULIEN-DE-VOUVANTES","2012","0"
"[ 47.6529965838 , -1.2295120353]","SAINT-JULIEN-DE-VOUVANTES","2013","0"
"[ 47.6529965838 , -1.2295120353]","SAINT-JULIEN-DE-VOUVANTES","2014",""
"[ 47.6529965838 , -1.2295120353]","SAINT-JULIEN-DE-VOUVANTES","2015",""
"[ 47.1432773272 , -1.71471812672]","SAINT-LEGER-LES-VIGNES","2010","0"
"[ 47.1432773272 , -1.71471812672]","SAINT-LEGER-LES-VIGNES","2011","0"
"[ 47.1432773272 , -1.71471812672]","SAINT-LEGER-LES-VIGNES","2012",""
"[ 47.1432773272 , -1.71471812672]","SAINT-LEGER-LES-VIGNES","2013",""
"[ 47.1432773272 , -1.71471812672]","SAINT-LEGER-LES-VIGNES","2014","0"
"[ 47.1432773272 , -1.71471812672]","SAINT-LEGER-LES-VIGNES","2015","0"
"[ 47.0792268721 , -1.36385540117]","SAINT-LUMINE-DE-CLISSON","2010","0"
"[ 47.0792268721 , -1.36385540117]","SAINT-LUMINE-DE-CLISSON","2011","0"
"[ 47.0792268721 , -1.36385540117]","SAINT-LUMINE-DE-CLISSON","2012",""
"[ 47.0792268721 , -1.36385540117]","SAINT-LUMINE-DE-CLISSON","2013","0"
"[ 47.0792268721 , -1.36385540117]","SAINT-LUMINE-DE-CLISSON","2014","0"
"[ 47.0792268721 , -1.36385540117]","SAINT-LUMINE-DE-CLISSON","2015","0"
"[ 47.0528005018 , -1.72389870524]","SAINT-LUMINE-DE-COUTAIS","2010",""
"[ 47.0528005018 , -1.72389870524]","SAINT-LUMINE-DE-COUTAIS","2011","0"
"[ 47.0528005018 , -1.72389870524]","SAINT-LUMINE-DE-COUTAIS","2012","0"
"[ 47.0528005018 , -1.72389870524]","SAINT-LUMINE-DE-COUTAIS","2013","0"
"[ 47.0528005018 , -1.72389870524]","SAINT-LUMINE-DE-COUTAIS","2014","0"
"[ 47.0528005018 , -1.72389870524]","SAINT-LUMINE-DE-COUTAIS","2015","0"
"[ 47.3786737085 , -2.33525101541]","SAINT-LYPHARD","2010","0"
"[ 47.3786737085 , -2.33525101541]","SAINT-LYPHARD","2011","0"
"[ 47.3786737085 , -2.33525101541]","SAINT-LYPHARD","2012","0"
"[ 47.3786737085 , -2.33525101541]","SAINT-LYPHARD","2013","0"
"[ 47.3786737085 , -2.33525101541]","SAINT-LYPHARD","2014","0"
"[ 47.3786737085 , -2.33525101541]","SAINT-LYPHARD","2015",""
"[ 47.3559249254 , -2.17239450077]","SAINT-MALO-DE-GUERSAC","2010","0"
"[ 47.3559249254 , -2.17239450077]","SAINT-MALO-DE-GUERSAC","2011","0"
"[ 47.3559249254 , -2.17239450077]","SAINT-MALO-DE-GUERSAC","2012",""
"[ 47.3559249254 , -2.17239450077]","SAINT-MALO-DE-GUERSAC","2013","0"
"[ 47.3559249254 , -2.17239450077]","SAINT-MALO-DE-GUERSAC","2014","0"
"[ 47.3559249254 , -2.17239450077]","SAINT-MALO-DE-GUERSAC","2015","0"
"[ 47.080211358 , -1.75224163618]","SAINT-MARS-DE-COUTAIS","2010","0"
"[ 47.080211358 , -1.75224163618]","SAINT-MARS-DE-COUTAIS","2011","0"
"[ 47.080211358 , -1.75224163618]","SAINT-MARS-DE-COUTAIS","2012",""
"[ 47.080211358 , -1.75224163618]","SAINT-MARS-DE-COUTAIS","2013",""
"[ 47.080211358 , -1.75224163618]","SAINT-MARS-DE-COUTAIS","2014",""
"[ 47.080211358 , -1.75224163618]","SAINT-MARS-DE-COUTAIS","2015",""
"[ 47.3572111547 , -1.4455110252]","SAINT-MARS-DU-DESERT","2010","0"
"[ 47.3572111547 , -1.4455110252]","SAINT-MARS-DU-DESERT","2011",""
"[ 47.3572111547 , -1.4455110252]","SAINT-MARS-DU-DESERT","2012",""
"[ 47.3572111547 , -1.4455110252]","SAINT-MARS-DU-DESERT","2013","0"
"[ 47.3572111547 , -1.4455110252]","SAINT-MARS-DU-DESERT","2014","0"
"[ 47.3572111547 , -1.4455110252]","SAINT-MARS-DU-DESERT","2015","5"
"[ 47.5309724712 , -1.19417570863]","SAINT-MARS-LA-JAILLE","2010","0"
"[ 47.5309724712 , -1.19417570863]","SAINT-MARS-LA-JAILLE","2011",""
"[ 47.5309724712 , -1.19417570863]","SAINT-MARS-LA-JAILLE","2012",""
"[ 47.5309724712 , -1.19417570863]","SAINT-MARS-LA-JAILLE","2013",""
"[ 47.5309724712 , -1.19417570863]","SAINT-MARS-LA-JAILLE","2014",""
"[ 47.5309724712 , -1.19417570863]","SAINT-MARS-LA-JAILLE","2015","5"
"[ 47.0323165149 , -1.79716196081]","SAINT-MEME-LE-TENU","2010","0"
"[ 47.0323165149 , -1.79716196081]","SAINT-MEME-LE-TENU","2011","0"
"[ 47.0323165149 , -1.79716196081]","SAINT-MEME-LE-TENU","2012","0"
"[ 47.0323165149 , -1.79716196081]","SAINT-MEME-LE-TENU","2013",""
"[ 47.0323165149 , -1.79716196081]","SAINT-MEME-LE-TENU","2014","0"
"[ 47.0323165149 , -1.79716196081]","SAINT-MEME-LE-TENU","2015","0"
"[ 47.1751620672 , -2.12724500519]","SAINT-MICHEL-CHEF-CHEF","2010",""
"[ 47.1751620672 , -2.12724500519]","SAINT-MICHEL-CHEF-CHEF","2011",""
"[ 47.1751620672 , -2.12724500519]","SAINT-MICHEL-CHEF-CHEF","2012",""
"[ 47.1751620672 , -2.12724500519]","SAINT-MICHEL-CHEF-CHEF","2013",""
"[ 47.1751620672 , -2.12724500519]","SAINT-MICHEL-CHEF-CHEF","2014",""
"[ 47.1751620672 , -2.12724500519]","SAINT-MICHEL-CHEF-CHEF","2015",""
"[ 47.3881697039 , -2.41457797403]","SAINT-MOLF","2010","0"
"[ 47.3881697039 , -2.41457797403]","SAINT-MOLF","2011","0"
"[ 47.3881697039 , -2.41457797403]","SAINT-MOLF","2012","0"
"[ 47.3881697039 , -2.41457797403]","SAINT-MOLF","2013","0"
"[ 47.3881697039 , -2.41457797403]","SAINT-MOLF","2014","0"
"[ 47.3881697039 , -2.41457797403]","SAINT-MOLF","2015","0"
"[ 47.2801069832 , -2.25385298542]","SAINT-NAZAIRE","2010","32"
"[ 47.2801069832 , -2.25385298542]","SAINT-NAZAIRE","2011","64"
"[ 47.2801069832 , -2.25385298542]","SAINT-NAZAIRE","2012","94"
"[ 47.2801069832 , -2.25385298542]","SAINT-NAZAIRE","2013","109"
"[ 47.2801069832 , -2.25385298542]","SAINT-NAZAIRE","2014","47"
"[ 47.2801069832 , -2.25385298542]","SAINT-NAZAIRE","2015","108"
"[ 47.6364734039 , -2.05658113178]","SAINT-NICOLAS-DE-REDON","2010",""
"[ 47.6364734039 , -2.05658113178]","SAINT-NICOLAS-DE-REDON","2011","5"
"[ 47.6364734039 , -2.05658113178]","SAINT-NICOLAS-DE-REDON","2012",""
"[ 47.6364734039 , -2.05658113178]","SAINT-NICOLAS-DE-REDON","2013",""
"[ 47.6364734039 , -2.05658113178]","SAINT-NICOLAS-DE-REDON","2014",""
"[ 47.6364734039 , -2.05658113178]","SAINT-NICOLAS-DE-REDON","2015","6"
"[ 47.225178953 , -2.06630142666]","SAINT-PERE-EN-RETZ","2010",""
"[ 47.225178953 , -2.06630142666]","SAINT-PERE-EN-RETZ","2011",""
"[ 47.225178953 , -2.06630142666]","SAINT-PERE-EN-RETZ","2012",""
"[ 47.225178953 , -2.06630142666]","SAINT-PERE-EN-RETZ","2013",""
"[ 47.225178953 , -2.06630142666]","SAINT-PERE-EN-RETZ","2014",""
"[ 47.225178953 , -2.06630142666]","SAINT-PERE-EN-RETZ","2015","7"
"[ 47.0602027927 , -1.65693367697]","SAINT-PHILBERT-DE-GRAND-LIEU","2010",""
"[ 47.0602027927 , -1.65693367697]","SAINT-PHILBERT-DE-GRAND-LIEU","2011",""
"[ 47.0602027927 , -1.65693367697]","SAINT-PHILBERT-DE-GRAND-LIEU","2012","5"
"[ 47.0602027927 , -1.65693367697]","SAINT-PHILBERT-DE-GRAND-LIEU","2013","7"
"[ 47.0602027927 , -1.65693367697]","SAINT-PHILBERT-DE-GRAND-LIEU","2014","9"
"[ 47.0602027927 , -1.65693367697]","SAINT-PHILBERT-DE-GRAND-LIEU","2015","8"
"[ 47.2028877862 , -1.49974706826]","SAINT-SEBASTIEN-SUR-LOIRE","2010","7"
"[ 47.2028877862 , -1.49974706826]","SAINT-SEBASTIEN-SUR-LOIRE","2011","26"
"[ 47.2028877862 , -1.49974706826]","SAINT-SEBASTIEN-SUR-LOIRE","2012","23"
"[ 47.2028877862 , -1.49974706826]","SAINT-SEBASTIEN-SUR-LOIRE","2013","20"
"[ 47.2028877862 , -1.49974706826]","SAINT-SEBASTIEN-SUR-LOIRE","2014","20"
"[ 47.2028877862 , -1.49974706826]","SAINT-SEBASTIEN-SUR-LOIRE","2015","18"
"[ 47.5677440368 , -1.22284599695]","SAINT-SULPICE-DES-LANDES","2010","0"
"[ 47.5677440368 , -1.22284599695]","SAINT-SULPICE-DES-LANDES","2011","0"
"[ 47.5677440368 , -1.22284599695]","SAINT-SULPICE-DES-LANDES","2012","0"
"[ 47.5677440368 , -1.22284599695]","SAINT-SULPICE-DES-LANDES","2013","0"
"[ 47.5677440368 , -1.22284599695]","SAINT-SULPICE-DES-LANDES","2014","0"
"[ 47.5677440368 , -1.22284599695]","SAINT-SULPICE-DES-LANDES","2015","0"
"[ 47.247653009 , -1.99319270522]","SAINT-VIAUD","2010",""
"[ 47.247653009 , -1.99319270522]","SAINT-VIAUD","2011",""
"[ 47.247653009 , -1.99319270522]","SAINT-VIAUD","2012","0"
"[ 47.247653009 , -1.99319270522]","SAINT-VIAUD","2013",""
"[ 47.247653009 , -1.99319270522]","SAINT-VIAUD","2014","0"
"[ 47.247653009 , -1.99319270522]","SAINT-VIAUD","2015","0"
"[ 47.6557066705 , -1.504873158]","SAINT-VINCENT-DES-LANDES","2010","0"
"[ 47.6557066705 , -1.504873158]","SAINT-VINCENT-DES-LANDES","2011","0"
"[ 47.6557066705 , -1.504873158]","SAINT-VINCENT-DES-LANDES","2012","0"
"[ 47.6557066705 , -1.504873158]","SAINT-VINCENT-DES-LANDES","2013","0"
"[ 47.6557066705 , -1.504873158]","SAINT-VINCENT-DES-LANDES","2014",""
"[ 47.6557066705 , -1.504873158]","SAINT-VINCENT-DES-LANDES","2015",""
"[ 47.4516929136 , -2.01909665411]","SAINTE-ANNE-SUR-BRIVET","2010","0"
"[ 47.4516929136 , -2.01909665411]","SAINTE-ANNE-SUR-BRIVET","2011",""
"[ 47.4516929136 , -2.01909665411]","SAINTE-ANNE-SUR-BRIVET","2012",""
"[ 47.4516929136 , -2.01909665411]","SAINTE-ANNE-SUR-BRIVET","2013",""
"[ 47.4516929136 , -2.01909665411]","SAINTE-ANNE-SUR-BRIVET","2014",""
"[ 47.4516929136 , -2.01909665411]","SAINTE-ANNE-SUR-BRIVET","2015","0"
"[ 47.2535659413 , -1.47278641985]","SAINTE-LUCE-SUR-LOIRE","2010",""
"[ 47.2535659413 , -1.47278641985]","SAINTE-LUCE-SUR-LOIRE","2011",""
"[ 47.2535659413 , -1.47278641985]","SAINTE-LUCE-SUR-LOIRE","2012","8"
"[ 47.2535659413 , -1.47278641985]","SAINTE-LUCE-SUR-LOIRE","2013",""
"[ 47.2535659413 , -1.47278641985]","SAINTE-LUCE-SUR-LOIRE","2014","8"
"[ 47.2535659413 , -1.47278641985]","SAINTE-LUCE-SUR-LOIRE","2015","11"
"[ 47.0845297305 , -1.81775856007]","SAINTE-PAZANNE","2010","0"
"[ 47.0845297305 , -1.81775856007]","SAINTE-PAZANNE","2011","0"
"[ 47.0845297305 , -1.81775856007]","SAINTE-PAZANNE","2012",""
"[ 47.0845297305 , -1.81775856007]","SAINTE-PAZANNE","2013",""
"[ 47.0845297305 , -1.81775856007]","SAINTE-PAZANNE","2014",""
"[ 47.0845297305 , -1.81775856007]","SAINTE-PAZANNE","2015",""
"[ 47.4438711483 , -2.18072298689]","SAINTE-REINE-DE-BRETAGNE","2010","0"
"[ 47.4438711483 , -2.18072298689]","SAINTE-REINE-DE-BRETAGNE","2011","0"
"[ 47.4438711483 , -2.18072298689]","SAINTE-REINE-DE-BRETAGNE","2012","0"
"[ 47.4438711483 , -2.18072298689]","SAINTE-REINE-DE-BRETAGNE","2013","0"
"[ 47.4438711483 , -2.18072298689]","SAINTE-REINE-DE-BRETAGNE","2014","0"
"[ 47.4438711483 , -2.18072298689]","SAINTE-REINE-DE-BRETAGNE","2015","0"
"[ 47.2734640358 , -1.68062449291]","SAUTRON","2010",""
"[ 47.2734640358 , -1.68062449291]","SAUTRON","2011",""
"[ 47.2734640358 , -1.68062449291]","SAUTRON","2012",""
"[ 47.2734640358 , -1.68062449291]","SAUTRON","2013",""
"[ 47.2734640358 , -1.68062449291]","SAUTRON","2014",""
"[ 47.2734640358 , -1.68062449291]","SAUTRON","2015","0"
"[ 47.3571783153 , -1.91837032205]","SAVENAY","2010","6"
"[ 47.3571783153 , -1.91837032205]","SAVENAY","2011","7"
"[ 47.3571783153 , -1.91837032205]","SAVENAY","2012","10"
"[ 47.3571783153 , -1.91837032205]","SAVENAY","2013","9"
"[ 47.3571783153 , -1.91837032205]","SAVENAY","2014","5"
"[ 47.3571783153 , -1.91837032205]","SAVENAY","2015","12"
"[ 47.5540417087 , -2.0666937072]","SEVERAC","2010",""
"[ 47.5540417087 , -2.0666937072]","SEVERAC","2011","0"
"[ 47.5540417087 , -2.0666937072]","SEVERAC","2012","0"
"[ 47.5540417087 , -2.0666937072]","SEVERAC","2013","0"
"[ 47.5540417087 , -2.0666937072]","SEVERAC","2014",""
"[ 47.5540417087 , -2.0666937072]","SEVERAC","2015",""
"[ 47.7291708937 , -1.58111954756]","SION-LES-MINES","2010",""
"[ 47.7291708937 , -1.58111954756]","SION-LES-MINES","2011",""
"[ 47.7291708937 , -1.58111954756]","SION-LES-MINES","2012","0"
"[ 47.7291708937 , -1.58111954756]","SION-LES-MINES","2013","0"
"[ 47.7291708937 , -1.58111954756]","SION-LES-MINES","2014",""
"[ 47.7291708937 , -1.58111954756]","SION-LES-MINES","2015",""
"[ 47.7255196052 , -1.29051970903]","SOUDAN","2010",""
"[ 47.7255196052 , -1.29051970903]","SOUDAN","2011",""
"[ 47.7255196052 , -1.29051970903]","SOUDAN","2012","0"
"[ 47.7255196052 , -1.29051970903]","SOUDAN","2013","0"
"[ 47.7255196052 , -1.29051970903]","SOUDAN","2014",""
"[ 47.7255196052 , -1.29051970903]","SOUDAN","2015","0"
"[ 47.8212256325 , -1.44783875415]","SOULVACHE","2010",""
"[ 47.8212256325 , -1.44783875415]","SOULVACHE","2011","0"
"[ 47.8212256325 , -1.44783875415]","SOULVACHE","2012","0"
"[ 47.8212256325 , -1.44783875415]","SOULVACHE","2013","0"
"[ 47.8212256325 , -1.44783875415]","SOULVACHE","2014","0"
"[ 47.8212256325 , -1.44783875415]","SOULVACHE","2015","0"
"[ 47.3535468921 , -1.51943687533]","SUCE-SUR-ERDRE","2010",""
"[ 47.3535468921 , -1.51943687533]","SUCE-SUR-ERDRE","2011",""
"[ 47.3535468921 , -1.51943687533]","SUCE-SUR-ERDRE","2012",""
"[ 47.3535468921 , -1.51943687533]","SUCE-SUR-ERDRE","2013","0"
"[ 47.3535468921 , -1.51943687533]","SUCE-SUR-ERDRE","2014","5"
"[ 47.3535468921 , -1.51943687533]","SUCE-SUR-ERDRE","2015",""
"[ 47.4640016417 , -1.28660540531]","TEILLE","2010",""
"[ 47.4640016417 , -1.28660540531]","TEILLE","2011","0"
"[ 47.4640016417 , -1.28660540531]","TEILLE","2012","0"
"[ 47.4640016417 , -1.28660540531]","TEILLE","2013",""
"[ 47.4640016417 , -1.28660540531]","TEILLE","2014",""
"[ 47.4640016417 , -1.28660540531]","TEILLE","2015",""
"[ 47.2761796344 , -1.43188844156]","THOUARE-SUR-LOIRE","2010",""
"[ 47.2761796344 , -1.43188844156]","THOUARE-SUR-LOIRE","2011",""
"[ 47.2761796344 , -1.43188844156]","THOUARE-SUR-LOIRE","2012",""
"[ 47.2761796344 , -1.43188844156]","THOUARE-SUR-LOIRE","2013",""
"[ 47.2761796344 , -1.43188844156]","THOUARE-SUR-LOIRE","2014","5"
"[ 47.2761796344 , -1.43188844156]","THOUARE-SUR-LOIRE","2015",""
"[ 46.9065750615 , -1.67948367125]","TOUVOIS","2010",""
"[ 46.9065750615 , -1.67948367125]","TOUVOIS","2011",""
"[ 46.9065750615 , -1.67948367125]","TOUVOIS","2012",""
"[ 46.9065750615 , -1.67948367125]","TOUVOIS","2013",""
"[ 46.9065750615 , -1.67948367125]","TOUVOIS","2014","0"
"[ 46.9065750615 , -1.67948367125]","TOUVOIS","2015",""
"[ 47.478451813 , -1.36340392675]","TRANS-SUR-ERDRE","2010","0"
"[ 47.478451813 , -1.36340392675]","TRANS-SUR-ERDRE","2011","0"
"[ 47.478451813 , -1.36340392675]","TRANS-SUR-ERDRE","2012","0"
"[ 47.478451813 , -1.36340392675]","TRANS-SUR-ERDRE","2013",""
"[ 47.478451813 , -1.36340392675]","TRANS-SUR-ERDRE","2014","0"
"[ 47.478451813 , -1.36340392675]","TRANS-SUR-ERDRE","2015","0"
"[ 47.6128401136 , -1.52820226508]","TREFFIEUX","2010","0"
"[ 47.6128401136 , -1.52820226508]","TREFFIEUX","2011","0"
"[ 47.6128401136 , -1.52820226508]","TREFFIEUX","2012","0"
"[ 47.6128401136 , -1.52820226508]","TREFFIEUX","2013",""
"[ 47.6128401136 , -1.52820226508]","TREFFIEUX","2014",""
"[ 47.6128401136 , -1.52820226508]","TREFFIEUX","2015",""
"[ 47.3183737709 , -1.62614396577]","TREILLIERES","2010",""
"[ 47.3183737709 , -1.62614396577]","TREILLIERES","2011","5"
"[ 47.3183737709 , -1.62614396577]","TREILLIERES","2012",""
"[ 47.3183737709 , -1.62614396577]","TREILLIERES","2013","6"
"[ 47.3183737709 , -1.62614396577]","TREILLIERES","2014","7"
"[ 47.3183737709 , -1.62614396577]","TREILLIERES","2015","10"
"[ 47.3122363445 , -2.20686325434]","TRIGNAC","2010","10"
"[ 47.3122363445 , -2.20686325434]","TRIGNAC","2011","7"
"[ 47.3122363445 , -2.20686325434]","TRIGNAC","2012","8"
"[ 47.3122363445 , -2.20686325434]","TRIGNAC","2013","5"
"[ 47.3122363445 , -2.20686325434]","TRIGNAC","2014",""
"[ 47.3122363445 , -2.20686325434]","TRIGNAC","2015","17"
"[ 47.1715370694 , -1.26151215631]","VALLET","2010","0"
"[ 47.1715370694 , -1.26151215631]","VALLET","2011",""
"[ 47.1715370694 , -1.26151215631]","VALLET","2012","11"
"[ 47.1715370694 , -1.26151215631]","VALLET","2013","8"
"[ 47.1715370694 , -1.26151215631]","VALLET","2014",""
"[ 47.1715370694 , -1.26151215631]","VALLET","2015",""
"[ 47.4022109648 , -1.02475376697]","VARADES","2010",""
"[ 47.4022109648 , -1.02475376697]","VARADES","2011",""
"[ 47.4022109648 , -1.02475376697]","VARADES","2012","5"
"[ 47.4022109648 , -1.02475376697]","VARADES","2013","6"
"[ 47.4022109648 , -1.02475376697]","VARADES","2014",""
"[ 47.4022109648 , -1.02475376697]","VARADES","2015","8"
"[ 47.545142918 , -1.7079722592]","VAY","2010",""
"[ 47.545142918 , -1.7079722592]","VAY","2011",""
"[ 47.545142918 , -1.7079722592]","VAY","2012",""
"[ 47.545142918 , -1.7079722592]","VAY","2013","0"
"[ 47.545142918 , -1.7079722592]","VAY","2014","0"
"[ 47.545142918 , -1.7079722592]","VAY","2015",""
"[ 47.1603033205 , -1.4706234976]","VERTOU","2010",""
"[ 47.1603033205 , -1.4706234976]","VERTOU","2011","8"
"[ 47.1603033205 , -1.4706234976]","VERTOU","2012","18"
"[ 47.1603033205 , -1.4706234976]","VERTOU","2013","21"
"[ 47.1603033205 , -1.4706234976]","VERTOU","2014","21"
"[ 47.1603033205 , -1.4706234976]","VERTOU","2015","5"
"[ 46.9711300262 , -1.4191879147]","VIEILLEVIGNE","2010",""
"[ 46.9711300262 , -1.4191879147]","VIEILLEVIGNE","2011",""
"[ 46.9711300262 , -1.4191879147]","VIEILLEVIGNE","2012",""
"[ 46.9711300262 , -1.4191879147]","VIEILLEVIGNE","2013",""
"[ 46.9711300262 , -1.4191879147]","VIEILLEVIGNE","2014",""
"[ 46.9711300262 , -1.4191879147]","VIEILLEVIGNE","2015",""
"[ 47.3194650733 , -1.72043786434]","VIGNEUX-DE-BRETAGNE","2010","0"
"[ 47.3194650733 , -1.72043786434]","VIGNEUX-DE-BRETAGNE","2011","0"
"[ 47.3194650733 , -1.72043786434]","VIGNEUX-DE-BRETAGNE","2012",""
"[ 47.3194650733 , -1.72043786434]","VIGNEUX-DE-BRETAGNE","2013",""
"[ 47.3194650733 , -1.72043786434]","VIGNEUX-DE-BRETAGNE","2014",""
"[ 47.3194650733 , -1.72043786434]","VIGNEUX-DE-BRETAGNE","2015",""
"[ 47.770243938 , -1.28500863237]","VILLEPOT","2010","0"
"[ 47.770243938 , -1.28500863237]","VILLEPOT","2011","0"
"[ 47.770243938 , -1.28500863237]","VILLEPOT","2012","0"
"[ 47.770243938 , -1.28500863237]","VILLEPOT","2013","0"
"[ 47.770243938 , -1.28500863237]","VILLEPOT","2014","0"
"[ 47.770243938 , -1.28500863237]","VILLEPOT","2015","0"
"[ 47.5890833205 , -1.07286913464]","VRITZ","2010","0"
"[ 47.5890833205 , -1.07286913464]","VRITZ","2011",""
"[ 47.5890833205 , -1.07286913464]","VRITZ","2012","0"
"[ 47.5890833205 , -1.07286913464]","VRITZ","2013","0"
"[ 47.5890833205 , -1.07286913464]","VRITZ","2014","0"
"[ 47.5890833205 , -1.07286913464]","VRITZ","2015",""
"[ 47.1943062894 , -1.90051809842]","VUE","2010","0"
"[ 47.1943062894 , -1.90051809842]","VUE","2011","0"
"[ 47.1943062894 , -1.90051809842]","VUE","2012","0"
"[ 47.1943062894 , -1.90051809842]","VUE","2013","0"
"[ 47.1943062894 , -1.90051809842]","VUE","2014",""
"[ 47.1943062894 , -1.90051809842]","VUE","2015",""
